L_number,first_name,last_name,DOB,Major,Email,Year,Phone_#,Emergency_Phone_#
5384118393,Haleigh,Howsego,2/5/2003,MATH,hhowsego0@youtube.com,2026,921 422 0478,310 216 4131
3518633341,Catherin,Hockey,12/30/2003,ECON,chockey1@google.co.uk,2026,679 599 5637,808 669 3597
3807463682,Sheela,Steade,4/24/2003,CS,ssteade2@edublogs.org,2026,421 993 2025,505 686 5460
8753750632,Jewell,Serle,8/18/2002,CS,jserle3@jimdo.com,2026,565 833 0666,868 797 5488
4323769318,Creight,Cawcutt,12/1/2002,MATH,ccawcutt4@reddit.com,2026,421 366 5783,140 107 5332
1875956077,Genny,Spenton,6/22/2002,ECON,gspenton5@who.int,2026,787 479 1562,713 514 6338
8045864141,Margalit,Baumford,1/3/2002,CS,mbaumford6@omniture.com,2026,467 910 3303,821 944 7691
5695170141,Hollis,Tooby,1/15/2002,CS,htooby7@psu.edu,2026,926 664 0375,797 545 5551
1702315479,Bondy,Warboys,5/21/2001,CS,bwarboys8@uol.com.br,2026,676 337 6225,664 170 2540
9670246180,Erroll,Todaro,3/10/2002,CS,etodaro9@nsw.gov.au,2026,830 364 2471,270 485 3999
2933537710,Sharity,Knevit,2/3/2002,MATH,sknevita@rakuten.co.jp,2026,941 702 9099,815 580 3101
1189555581,Natasha,Gossipin,1/22/2003,ECON,ngossipinb@addtoany.com,2026,584 296 7302,783 916 6793
2025252560,Alfredo,Romera,6/17/2002,MATH,aromerac@dmoz.org,2026,920 170 2232,769 793 6363
5474694512,Gaspard,Jaan,1/20/2001,ECON,gjaand@instagram.com,2026,177 763 5132,458 375 6513
8320320224,Kandy,McKinn,9/28/2001,ECON,kmckinne@cornell.edu,2026,643 115 0398,253 136 6355
5951198720,Cull,Eaves,11/24/2001,MATH,ceavesf@ucoz.ru,2026,543 596 6797,101 460 0718
937815098,Callean,Malletratt,7/11/2004,ECON,cmalletrattg@bloomberg.com,2026,755 271 9421,138 551 0635
3391982276,Michel,Buckwell,5/5/2001,MATH,mbuckwellh@e-recht24.de,2026,937 460 5943,235 931 7259
8829895008,Marthena,Cottill,10/8/2001,MATH,mcottilli@theglobeandmail.com,2026,733 364 8257,615 565 1338
7719013069,Shanda,MacTeggart,1/14/2003,MATH,smacteggartj@w3.org,2026,624 879 7142,817 422 8236
6144995358,Sibyl,Bonder,10/1/2004,MATH,sbonderk@dagondesign.com,2026,336 908 5439,617 108 3143
1031209646,Karina,Sowray,6/19/2001,ECON,ksowrayl@cpanel.net,2026,572 532 5834,860 124 2204
2747934314,Harper,Tremellan,11/20/2003,MATH,htremellanm@mysql.com,2026,543 814 4646,548 845 5931
9250221703,Hamish,Gon,9/8/2003,CS,hgonn@prnewswire.com,2026,290 319 9967,329 203 8030
2799364969,Murry,Mowat,7/14/2001,CS,mmowato@jimdo.com,2026,668 587 6034,134 220 4527
3723722180,Ellen,Berzon,3/9/2003,MATH,eberzonp@sun.com,2026,970 371 8731,810 485 4415
8888007350,Shaun,Willoughley,10/12/2002,ECON,swilloughleyq@google.co.jp,2026,803 467 2405,665 369 7515
7414364275,Westleigh,Manlow,7/13/2003,CS,wmanlowr@cornell.edu,2026,625 700 6562,703 238 9994
7438544168,Dag,Yabsley,9/10/2003,ECON,dyabsleys@usnews.com,2026,842 143 6455,786 931 4488
4996422491,Tamera,Arnaud,3/26/2004,MATH,tarnaudt@twitter.com,2026,752 167 9167,863 528 2023
2407331893,Binky,Vakhrushin,7/15/2004,CS,bvakhrushinu@nba.com,2026,200 869 4108,394 131 2154
5316825659,Eda,Philcott,2/24/2003,CS,ephilcottv@opensource.org,2026,804 281 4799,781 885 7635
2471476112,Lexine,Jewitt,9/3/2001,CS,ljewittw@jiathis.com,2026,971 273 4324,500 175 6929
2798101069,Wiatt,Dobble,2/14/2004,MATH,wdobblex@state.gov,2026,357 771 1536,229 178 9131
6079728974,Horton,Fronek,12/30/2000,MATH,hfroneky@woothemes.com,2026,838 292 3821,612 673 5628
6370578959,Maurie,Kidder,9/17/2002,MATH,mkidderz@oracle.com,2026,457 375 4019,213 591 9818
660933594,Morry,Chomicz,10/2/2004,ECON,mchomicz10@pen.io,2026,316 365 3458,742 343 1341
4325769951,Ryon,Morton,9/13/2004,CS,rmorton11@army.mil,2026,231 540 7533,671 290 8051
3062716398,Lilith,Bilfoot,9/9/2002,CS,lbilfoot12@jalbum.net,2026,422 438 9785,773 510 3826
1864511621,Madonna,Iiannone,6/5/2003,CS,miiannone13@sciencedaily.com,2026,976 276 1818,620 746 1004
5195856486,Fredelia,Satford,2/24/2001,CS,fsatford14@infoseek.co.jp,2026,203 190 8500,382 713 2264
2431265196,Sheila,Sweetland,9/14/2002,MATH,ssweetland15@netscape.com,2026,596 687 3799,688 621 6985
5117036697,Nickolas,Matuszkiewicz,8/20/2003,CS,nmatuszkiewicz16@intel.com,2026,642 194 7340,824 889 9766
2024040322,Danya,Housaman,11/9/2004,CS,dhousaman17@creativecommons.org,2026,734 846 9531,194 226 6349
817510001,Siward,Denness,12/15/2001,CS,sdenness18@aol.com,2026,566 586 7117,810 695 0625
3582940535,Rutger,Wannop,12/17/2002,MATH,rwannop19@seesaa.net,2026,655 168 1500,681 311 9362
1123013535,Donny,Pryor,1/29/2002,ECON,dpryor1a@marriott.com,2026,654 255 8991,237 641 3308
5472836352,Randy,Trangmar,3/17/2001,CS,rtrangmar1b@tripadvisor.com,2026,869 542 0949,311 118 6288
1594237557,Matthieu,Attewill,1/11/2001,CS,mattewill1c@exblog.jp,2026,348 218 1083,635 548 7177
686955153,Annmaria,Grimsdell,7/9/2003,CS,agrimsdell1d@amazonaws.com,2026,224 532 2249,801 405 3161
4081155135,Leena,Killingworth,3/14/2001,MATH,lkillingworth1e@alexa.com,2026,739 322 9896,437 754 5740
7726807709,Regina,Sutter,3/27/2003,MATH,rsutter1f@sbwire.com,2026,675 968 6665,561 457 4783
4307620461,Conn,Heddy,6/25/2002,MATH,cheddy1g@wikia.com,2026,131 745 4305,354 197 0502
1418203432,Jennee,Van Daalen,7/18/2002,CS,jvandaalen1h@soup.io,2026,809 362 6779,470 303 1169
1087332761,Randolph,Sweet,9/30/2001,CS,rsweet1i@wikispaces.com,2026,595 200 2301,616 301 6045
6850560654,Reagen,Ionn,10/20/2003,ECON,rionn1j@nps.gov,2026,437 499 0494,795 529 3498
7993439159,Euell,Rowberry,8/4/2004,MATH,erowberry1k@boston.com,2026,540 428 4999,930 887 2190
3287075187,Mary,Wynett,5/7/2004,CS,mwynett1l@digg.com,2026,903 190 3471,474 250 7580
9198064681,Sonya,Dyas,8/5/2001,ECON,sdyas1m@behance.net,2026,883 508 2454,854 471 1357
9043624845,Tabby,Place,10/2/2002,MATH,tplace1n@about.me,2026,513 659 8555,555 349 9208
8882573931,Pall,Handasyde,9/2/2001,CS,phandasyde1o@e-recht24.de,2026,862 799 1515,231 375 7173
2590013027,Selig,Uppett,1/28/2003,MATH,suppett1p@loc.gov,2026,172 866 0654,373 462 8599
6043375362,Dani,Adrien,2/4/2001,MATH,dadrien1q@springer.com,2026,959 245 0225,503 451 8568
6263862610,Haley,Champe,12/20/2003,CS,hchampe1r@fema.gov,2026,537 736 5717,510 948 9524
5580374801,Sim,Covil,3/9/2004,CS,scovil1s@mapy.cz,2026,615 992 0787,770 692 0778
320000982,Glynnis,Le Galle,6/23/2003,MATH,glegalle1t@cnet.com,2026,324 588 7327,642 179 3643
2399989767,Clarence,Maxstead,11/13/2003,ECON,cmaxstead1u@smh.com.au,2026,887 782 6777,245 636 8469
4202714067,Beverlie,Radleigh,3/19/2001,MATH,bradleigh1v@senate.gov,2026,195 438 0704,944 294 2668
5437658060,Starlin,Ellery,8/13/2002,MATH,sellery1w@smh.com.au,2026,801 650 8244,814 208 0254
5052887167,Bernadette,McKeand,10/1/2002,ECON,bmckeand1x@ebay.com,2026,960 256 5636,612 324 9344
2895999120,Seward,Secrett,4/10/2003,CS,ssecrett1y@wunderground.com,2026,137 118 5449,208 670 5056
1272905128,Lise,Southerden,11/13/2003,CS,lsoutherden1z@trellian.com,2026,494 462 0908,710 575 6309
5024704126,Anna,Dinnington,2/7/2001,MATH,adinnington20@cafepress.com,2026,406 734 5203,137 963 3440
7749018719,Teodora,Dairton,2/8/2003,CS,tdairton21@theguardian.com,2026,162 110 2522,606 815 7892
8460753921,Fergus,Dobrovsky,1/13/2004,CS,fdobrovsky22@xing.com,2026,352 260 4994,268 186 9869
5101680028,Donielle,Jurs,3/9/2004,MATH,djurs23@ucoz.com,2026,648 557 3754,385 757 2476
2390829090,Lindsay,Cleminson,7/22/2004,MATH,lcleminson24@ftc.gov,2026,152 330 1083,890 281 7684
1570834954,Cirstoforo,Marshal,2/21/2004,CS,cmarshal25@hud.gov,2026,823 358 4453,372 153 1442
7809785834,Siobhan,Cuzen,7/1/2004,MATH,scuzen26@hc360.com,2026,242 973 4785,133 942 2376
78566525,Delaney,Bristowe,9/3/2003,MATH,dbristowe27@networkadvertising.org,2026,338 416 9330,180 813 7100
3550109687,Marj,Haslam,5/18/2001,MATH,mhaslam28@nasa.gov,2026,446 225 7966,632 478 0771
9257270963,Prissie,Durling,4/3/2004,ECON,pdurling29@oracle.com,2026,400 572 8441,816 457 9613
4846852628,Robinson,Saldler,3/9/2001,MATH,rsaldler2a@newyorker.com,2026,474 239 6894,636 471 8793
8028276148,Asia,Mildmott,1/13/2004,CS,amildmott2b@pcworld.com,2026,172 266 1478,676 611 2007
9249558015,Cyndy,Narramore,4/21/2003,MATH,cnarramore2c@dailymotion.com,2026,735 691 9737,405 625 9509
1709779373,Elisha,Fellows,4/9/2001,MATH,efellows2d@netlog.com,2026,346 974 0649,911 504 6263
4886279732,Torie,Londesborough,7/9/2002,MATH,tlondesborough2e@mozilla.org,2026,337 121 5850,717 486 6962
2489838555,Roberta,Sollner,8/27/2002,CS,rsollner2f@reddit.com,2026,161 769 5940,727 902 1207
9482056116,Charmian,Koppens,12/21/2000,ECON,ckoppens2g@soundcloud.com,2026,419 105 7378,908 189 1647
8683508803,Everett,Gibbett,7/10/2001,ECON,egibbett2h@state.gov,2026,210 862 5140,893 639 0241
8741624467,Tomas,Lombardo,12/6/2004,MATH,tlombardo2i@apple.com,2026,625 469 6411,875 645 8438
4283175501,Margarete,Belleny,8/29/2002,MATH,mbelleny2j@infoseek.co.jp,2026,399 573 1046,943 971 8796
4563395,Carola,Barkas,6/3/2004,MATH,cbarkas2k@dagondesign.com,2026,163 228 4314,905 335 6293
362498725,Tiffany,Gager,7/7/2004,MATH,tgager2l@fotki.com,2026,589 654 2467,473 892 8254
1209044447,Mina,Lambourne,6/24/2001,ECON,mlambourne2m@e-recht24.de,2026,880 495 0989,227 955 4129
1802608044,Essa,Ennew,9/23/2002,ECON,eennew2n@ox.ac.uk,2026,734 488 7447,468 655 6634
125227884,De,Betonia,3/15/2004,ECON,dbetonia2o@symantec.com,2026,646 668 9244,511 178 3075
3119566764,Hyacinthie,Antonetti,3/16/2001,CS,hantonetti2p@mysql.com,2026,531 257 8144,708 844 7424
3183015293,Sanson,Vertigan,3/24/2001,MATH,svertigan2q@freewebs.com,2026,825 489 3329,622 430 9819
4289591485,Maurie,Manford,3/7/2002,MATH,mmanford2r@infoseek.co.jp,2026,970 677 7211,447 441 2871
3809899844,Nathalia,Edwardson,2/23/2003,CS,nedwardson2s@booking.com,2027,288 579 6977,629 513 6324
171559754,Roxanne,McKomb,5/10/2002,ECON,rmckomb2t@altervista.org,2027,597 498 5084,324 412 2327
565258109,D'arcy,Gofford,11/6/2001,MATH,dgofford2u@berkeley.edu,2027,133 710 4427,940 588 8846
6684763457,Arlette,Minci,8/6/2001,CS,aminci2v@rediff.com,2027,875 142 2468,289 230 4756
5700390795,Leone,Hulmes,2/12/2002,CS,lhulmes2w@go.com,2027,875 645 1089,253 801 7693
5156098657,Curran,O' Mahony,5/22/2002,ECON,comahony2x@smugmug.com,2027,308 261 4700,797 487 2779
2568869658,Belinda,Brownhall,8/17/2004,MATH,bbrownhall2y@yellowpages.com,2027,736 515 2644,836 952 5640
5976093000,Krispin,Sails,1/14/2001,MATH,ksails2z@comcast.net,2027,811 944 9064,601 464 7595
939731762,Kristi,Bromage,3/24/2003,MATH,kbromage30@creativecommons.org,2027,417 271 7717,626 692 3986
4372362846,Scott,Caverhill,5/6/2002,MATH,scaverhill31@photobucket.com,2027,939 382 2151,769 791 5099
7901916982,Alwyn,Loudon,1/13/2002,MATH,aloudon32@flavors.me,2027,932 923 4532,678 987 6025
2893856055,Margarethe,Langlais,5/31/2003,CS,mlanglais33@go.com,2027,245 270 2460,321 642 5192
4264621070,Christine,Talby,7/30/2004,ECON,ctalby34@vkontakte.ru,2027,966 579 1557,831 183 4437
4528939886,Mic,Clougher,1/21/2002,CS,mclougher35@google.nl,2027,217 623 5616,315 727 7195
5779411182,Sibelle,Inglesent,2/13/2002,CS,singlesent36@cocolog-nifty.com,2027,650 425 5456,523 676 5498
2770523929,Thane,Choppin,11/16/2001,ECON,tchoppin37@unblog.fr,2027,287 367 5792,484 320 9738
6779225053,Antone,Stooders,11/10/2001,MATH,astooders38@fc2.com,2027,443 799 3516,666 896 7370
1898906335,Antonia,Baggally,8/18/2002,CS,abaggally39@bluehost.com,2027,751 351 4760,956 895 5422
1765936039,Devon,Kittless,10/24/2003,ECON,dkittless3a@comsenz.com,2027,661 920 8980,892 485 0317
8067730385,Earvin,Keyhoe,9/4/2003,MATH,ekeyhoe3b@jigsy.com,2027,376 855 2813,724 939 3908
4227959705,Marcellus,Dalziell,7/10/2004,ECON,mdalziell3c@hexun.com,2027,834 621 3195,918 287 1487
6834572473,Amargo,Edgin,10/18/2004,MATH,aedgin3d@youtube.com,2027,540 132 9466,802 945 5155
8867130749,Willabella,Edgson,9/18/2002,CS,wedgson3e@a8.net,2027,910 964 0765,831 927 5998
1550360094,Joann,Woof,4/22/2002,CS,jwoof3f@addthis.com,2027,201 814 5771,517 569 3776
3416020456,Elsbeth,Roden,1/27/2001,CS,eroden3g@nsw.gov.au,2027,951 701 7870,752 639 6763
8131346609,Terri,Mauchlen,11/7/2004,CS,tmauchlen3h@accuweather.com,2027,792 377 0536,704 737 1095
3181109088,Tilly,Baulcombe,7/9/2002,CS,tbaulcombe3i@earthlink.net,2027,530 610 8288,301 187 8079
487447816,Kimbell,Wrate,1/10/2001,MATH,kwrate3j@ucla.edu,2027,491 891 3182,363 216 2979
7225172697,Gonzalo,Davidde,11/21/2003,CS,gdavidde3k@simplemachines.org,2027,518 146 2175,799 997 2899
3190346100,Maighdiln,Knibley,8/13/2002,MATH,mknibley3l@mashable.com,2027,153 179 0440,559 355 7330
8106758818,Vivian,Di Napoli,3/24/2004,MATH,vdinapoli3m@indiatimes.com,2027,949 579 8528,766 352 5930
4899239467,Chadd,Muro,8/14/2001,ECON,cmuro3n@bbc.co.uk,2027,888 703 5057,785 243 3568
7109131971,Piper,Roads,3/13/2004,MATH,proads3o@time.com,2027,502 560 4792,191 999 7244
3622672382,Clemente,Lambeth,3/6/2002,ECON,clambeth3p@foxnews.com,2027,311 723 8469,513 818 0630
3535123445,Kare,Riddler,9/1/2004,MATH,kriddler3q@symantec.com,2027,753 474 8326,231 639 8986
9185339245,Turner,Deveral,7/18/2003,ECON,tdeveral3r@wired.com,2027,411 419 5730,428 929 7967
5238058918,Laurent,Kolyagin,6/26/2001,CS,lkolyagin3s@prlog.org,2027,358 123 9356,945 695 0075
1672347238,Kellsie,Piggot,5/25/2002,MATH,kpiggot3t@miibeian.gov.cn,2027,912 900 1939,638 466 8388
4292044953,Regen,Pether,6/28/2002,ECON,rpether3u@usatoday.com,2027,451 848 4402,604 967 8083
9476261129,Lavinia,Burvill,7/26/2001,CS,lburvill3v@bandcamp.com,2027,813 472 4870,456 167 7929
4824072239,Langsdon,Francescotti,6/23/2001,ECON,lfrancescotti3w@printfriendly.com,2027,937 567 3343,992 130 6770
545163366,Marmaduke,Kinnon,3/20/2002,MATH,mkinnon3x@google.com,2027,771 202 2155,776 640 8297
5586409402,Kelcey,Ladlow,2/13/2001,CS,kladlow3y@redcross.org,2027,556 839 4820,364 912 9913
6032961966,Marna,Creebo,7/23/2002,ECON,mcreebo3z@biblegateway.com,2027,261 874 1447,108 252 0037
3363326734,Charles,Speed,10/30/2003,CS,cspeed40@php.net,2027,366 226 4757,522 222 8453
1298252458,Jerrome,Lagen,12/22/2003,CS,jlagen41@hibu.com,2027,124 365 0636,938 668 2451
50621203,Cal,Gilmore,5/14/2001,ECON,cgilmore42@wikipedia.org,2027,448 696 6047,385 216 7282
825422671,Bev,Halifax,7/29/2001,CS,bhalifax43@twitpic.com,2027,875 610 6444,234 225 7731
71577041,Felicle,Tooker,9/24/2002,ECON,ftooker44@google.es,2027,633 319 8914,540 470 5602
6269923247,Ferrell,O'Shesnan,3/31/2002,CS,foshesnan45@addthis.com,2027,184 831 8245,723 369 6709
4490614802,Madel,Griss,7/3/2002,MATH,mgriss46@pagesperso-orange.fr,2027,760 107 2537,763 795 0859
5991454426,Archibaldo,Scates,11/30/2004,ECON,ascates47@typepad.com,2027,746 195 1396,381 987 8312
7954757706,Ertha,Pursey,12/25/2003,ECON,epursey48@privacy.gov.au,2027,612 643 1258,991 214 0998
3555490532,Martynne,Buckell,2/3/2003,MATH,mbuckell49@guardian.co.uk,2027,142 181 3996,784 162 2179
5381209614,Carmita,Beetles,1/13/2004,ECON,cbeetles4a@goodreads.com,2027,828 932 8233,851 692 2460
6999535868,Agnese,Pietzke,3/19/2002,CS,apietzke4b@etsy.com,2027,397 769 0173,797 607 8478
2768836001,Colver,Arundale,10/16/2004,CS,carundale4c@dailymotion.com,2027,977 967 3920,145 228 5643
696413280,Lisbeth,Annell,7/1/2002,MATH,lannell4d@adobe.com,2027,976 712 9091,973 479 8093
3560838509,Mendie,Francescotti,2/4/2002,MATH,mfrancescotti4e@moonfruit.com,2027,806 694 1794,595 796 7916
3390839445,Odelle,Colafate,5/6/2001,ECON,ocolafate4f@google.ru,2027,816 528 1809,954 694 9030
3998916466,Moss,Fortoun,4/7/2002,CS,mfortoun4g@spiegel.de,2027,583 238 0083,839 677 9419
6877994884,Zacharia,Crass,10/9/2001,ECON,zcrass4h@microsoft.com,2027,312 407 4766,406 327 6714
7375296693,Clemmie,Bitcheno,5/24/2004,CS,cbitcheno4i@upenn.edu,2027,548 156 0572,936 598 6485
7763506792,Kathy,Aylesbury,12/6/2004,MATH,kaylesbury4j@nydailynews.com,2027,410 832 0312,990 402 3590
9410657547,Bryna,Le Maitre,11/24/2002,ECON,blemaitre4k@berkeley.edu,2027,143 522 2440,433 635 9563
9905055312,Antonietta,Broadhurst,2/22/2001,MATH,abroadhurst4l@cnbc.com,2027,833 985 5942,210 481 6148
6799752938,Brock,Frazier,4/1/2004,CS,bfrazier4m@ustream.tv,2027,704 490 6381,337 641 9021
5753916481,Arliene,Northam,9/4/2002,MATH,anortham4n@flavors.me,2027,356 971 6463,365 863 8566
9323146722,Eric,Beare,6/4/2001,MATH,ebeare4o@etsy.com,2027,772 433 7255,327 628 3602
668023252,Brandea,Bosanko,8/29/2002,ECON,bbosanko4p@zdnet.com,2027,912 541 3438,293 116 2800
6690470792,Doro,Schooley,5/31/2003,CS,dschooley4q@lycos.com,2027,960 747 3873,483 347 9729
101288506,Hailey,Slide,4/19/2001,MATH,hslide4r@nsw.gov.au,2027,205 506 3750,494 911 9051
4100260091,Abel,Casellas,4/11/2001,ECON,acasellas4s@twitter.com,2027,585 374 3166,355 537 2783
4967261701,Jerrine,Tilford,3/30/2002,ECON,jtilford4t@princeton.edu,2027,300 575 9766,471 388 4199
1513116983,Dunstan,Von Oertzen,12/11/2003,MATH,dvonoertzen4u@nytimes.com,2027,333 780 8887,202 300 6259
539813060,Brit,Walshaw,5/28/2004,ECON,bwalshaw4v@npr.org,2027,513 435 0174,884 483 7657
5760880942,Reese,Trustrie,7/11/2001,CS,rtrustrie4w@webmd.com,2027,416 210 7989,607 607 1147
6620695663,Phaedra,Glavin,6/5/2001,CS,pglavin4x@weather.com,2027,795 504 9077,496 105 5914
8006633991,Denver,Medmore,6/8/2004,MATH,dmedmore4y@sohu.com,2027,995 867 5170,141 330 8073
4981670494,Niki,Lanchester,7/12/2003,ECON,nlanchester4z@artisteer.com,2027,123 474 2537,257 703 4414
9535319035,Deanne,Liebmann,7/6/2003,ECON,dliebmann50@yolasite.com,2027,745 995 3558,472 198 1748
974335436,Christan,Wauchope,5/31/2001,ECON,cwauchope51@ustream.tv,2027,597 645 9151,726 815 4381
7428395399,Tamiko,Escreet,5/22/2003,CS,tescreet52@guardian.co.uk,2027,375 823 4672,855 946 1145
6331590560,Melvin,Tante,12/21/2000,CS,mtante53@bloglovin.com,2027,507 340 8717,578 884 8891
9562054292,Noble,Biggs,4/26/2001,MATH,nbiggs54@nymag.com,2027,197 318 8594,456 743 4013
6376093396,Evy,Bompas,3/25/2004,ECON,ebompas55@macromedia.com,2027,932 219 2175,319 347 0121
6563291945,Annecorinne,Needham,5/11/2002,CS,aneedham56@naver.com,2027,636 728 9101,759 713 3505
3961580243,Cathe,Beaconsall,8/11/2004,MATH,cbeaconsall57@sina.com.cn,2027,874 839 0582,518 100 6433
9639809373,Earle,Curner,6/25/2002,ECON,ecurner58@usa.gov,2027,678 963 4026,640 902 1744
1394181612,Brennan,Reiglar,4/22/2002,CS,breiglar59@photobucket.com,2027,341 317 6689,416 426 3427
9240226494,Dagny,Dake,9/1/2004,ECON,ddake5a@cargocollective.com,2027,859 370 7486,863 819 9003
6306939792,Mellisa,Bonn,1/7/2001,ECON,mbonn5b@google.fr,2027,274 839 9266,777 287 4733
5127460688,Emalia,Matisse,3/23/2002,ECON,ematisse5c@xrea.com,2027,346 570 5195,772 598 2318
7641679919,Romola,Negro,8/29/2003,CS,rnegro5d@washington.edu,2027,666 595 3190,776 349 9470
9751738652,Jerri,Pedican,11/6/2001,CS,jpedican5e@yellowpages.com,2027,178 100 8969,486 602 1871
6945292703,Quintilla,Aloshkin,9/18/2001,CS,qaloshkin5f@addthis.com,2027,269 689 3019,499 879 9818
9440018151,Dagmar,Caunce,12/19/2000,MATH,dcaunce5g@samsung.com,2027,910 811 5305,827 577 4733
4483904620,Debbi,Pryer,6/11/2002,ECON,dpryer5h@nba.com,2027,810 642 6447,375 651 1823
4750093661,Karel,Billing,7/1/2003,CS,kbilling5i@bluehost.com,2027,621 979 8296,668 586 1282
2829447719,Paton,Gately,12/28/2002,MATH,pgately5j@topsy.com,2027,704 903 3126,685 899 8677
4298267679,Emmey,Geeraert,1/18/2002,ECON,egeeraert5k@cafepress.com,2028,119 579 3511,206 284 4191
8141759469,Garrik,Davidovsky,7/22/2004,ECON,gdavidovsky5l@trellian.com,2028,204 589 7718,516 162 1722
8383961189,Morten,Finnimore,11/16/2002,ECON,mfinnimore5m@amazon.co.uk,2028,814 577 1641,406 781 0819
3008808956,Ring,Gritsunov,7/22/2004,ECON,rgritsunov5n@ow.ly,2028,148 644 2414,414 347 6737
5803572292,Dory,Sollas,12/17/2000,ECON,dsollas5o@npr.org,2028,851 149 4042,715 421 8680
8500405325,Hewet,Daybell,3/1/2001,ECON,hdaybell5p@furl.net,2028,653 113 8887,454 408 7901
2763822339,Jacobo,Whitbread,5/18/2004,ECON,jwhitbread5q@yandex.ru,2028,952 806 2064,972 258 6999
9491084178,Jarret,Shelp,9/27/2003,MATH,jshelp5r@cbc.ca,2028,894 936 0091,415 197 3993
6795755444,Brand,Petrushka,7/25/2004,ECON,bpetrushka5s@histats.com,2028,755 295 4056,214 678 9205
2495142044,Cally,Springtorpe,12/1/2002,MATH,cspringtorpe5t@unesco.org,2028,792 843 9119,819 685 9693
1443677752,Wyndham,Hatterslay,5/30/2004,CS,whatterslay5u@eventbrite.com,2028,352 781 6225,337 982 0649
4539062972,Brittni,Moran,4/12/2002,ECON,bmoran5v@jiathis.com,2028,952 838 5075,273 249 3066
8841535245,Kermy,Malitrott,5/1/2002,CS,kmalitrott5w@techcrunch.com,2028,347 731 8655,655 570 9882
2019144484,Adora,Haddow,4/27/2004,ECON,ahaddow5x@odnoklassniki.ru,2028,811 281 8467,899 119 0333
1828923931,Susana,Curner,3/2/2001,CS,scurner5y@walmart.com,2028,384 522 4622,948 749 4095
1654268461,Ambros,Drinkwater,1/9/2002,MATH,adrinkwater5z@webeden.co.uk,2028,484 858 5636,443 912 5667
9209269667,Raven,Beston,3/4/2003,CS,rbeston60@infoseek.co.jp,2028,389 406 7891,175 530 5754
7604269761,Irving,Code,5/8/2003,CS,icode61@washington.edu,2028,111 985 5873,551 707 7505
6338866804,Leanora,Goult,8/9/2004,CS,lgoult62@ftc.gov,2028,302 876 5355,805 684 6595
2624840265,Ally,Stump,1/24/2001,CS,astump63@vkontakte.ru,2028,558 424 8266,889 625 7827
9920166162,Paulina,Liddall,8/8/2004,ECON,pliddall64@free.fr,2028,907 967 5533,957 598 9499
3841284248,Franciskus,McDowell,7/12/2004,ECON,fmcdowell65@apache.org,2028,364 387 7652,694 687 2401
5002323030,Jodee,Bigglestone,3/15/2002,CS,jbigglestone66@yellowpages.com,2028,177 161 4040,910 395 7910
1839115661,Amber,Ensor,5/13/2002,MATH,aensor67@tumblr.com,2028,432 462 9869,726 659 0220
8643367761,Keri,Petters,6/14/2001,ECON,kpetters68@skype.com,2028,901 856 4096,363 899 1807
6221253500,Francyne,Count,9/20/2001,MATH,fcount69@facebook.com,2028,868 287 7784,109 285 7262
8120931807,Vivie,Housen,6/29/2004,MATH,vhousen6a@dailymotion.com,2028,421 629 6848,778 746 4398
9147842202,Ezekiel,Wimlett,3/21/2003,MATH,ewimlett6b@ted.com,2028,759 666 0352,338 308 2348
7155379255,Brook,Pressland,9/11/2004,CS,bpressland6c@bing.com,2028,540 648 3154,960 149 6151
5813755853,Ludvig,Orrell,1/25/2001,ECON,lorrell6d@ovh.net,2028,605 847 1802,633 841 7593
1722508582,Rogers,Gibbeson,1/17/2004,CS,rgibbeson6e@jalbum.net,2028,421 151 6898,718 806 1562
7368772299,Darsie,Ruffey,2/24/2001,MATH,druffey6f@a8.net,2028,942 605 1142,151 110 5026
6375039126,Korie,Andino,6/24/2004,MATH,kandino6g@narod.ru,2028,781 851 6895,387 805 1923
6009383854,Phyllis,Hurt,5/13/2002,ECON,phurt6h@tamu.edu,2028,811 784 1600,447 835 3264
848311213,Moll,Frichley,10/29/2004,ECON,mfrichley6i@microsoft.com,2028,169 383 0534,937 248 6273
6988932585,Hagan,Cayford,12/1/2001,CS,hcayford6j@wsj.com,2028,762 157 2595,304 454 1156
1820604896,Peterus,Fildery,5/4/2001,CS,pfildery6k@chicagotribune.com,2028,648 824 5052,904 132 7310
2605619176,Yolane,Hachette,6/9/2001,CS,yhachette6l@ox.ac.uk,2028,750 296 4037,295 212 3010
7443625677,Margi,Uwins,8/21/2002,ECON,muwins6m@sphinn.com,2028,916 241 1613,158 852 7596
5215258775,Susy,Pinchen,6/22/2002,CS,spinchen6n@hp.com,2028,902 506 4729,870 772 1935
7012060565,Feliza,Chatelot,12/6/2002,MATH,fchatelot6o@loc.gov,2028,873 345 3914,318 124 4760
5203169624,Arron,Egger,11/24/2003,MATH,aegger6p@devhub.com,2028,472 306 3790,651 795 6710
3208428693,Vlad,Wagerfield,3/17/2002,CS,vwagerfield6q@jimdo.com,2028,523 376 1401,338 992 2163
8675774532,Kevina,Brucker,8/3/2003,ECON,kbrucker6r@newyorker.com,2028,819 282 6753,651 460 5159
9097685974,Moses,Shulver,4/27/2004,CS,mshulver6s@army.mil,2028,699 172 7333,303 513 9694
1696717809,Reena,Carabet,2/4/2002,CS,rcarabet6t@cisco.com,2028,740 570 2856,518 648 5381
6848086770,Claudian,McComiskie,1/13/2002,CS,cmccomiskie6u@issuu.com,2028,278 106 6674,661 710 0098
4972381744,Godard,Attwill,1/3/2004,ECON,gattwill6v@slate.com,2028,555 942 6283,915 288 0131
7887524881,Aile,Simmonett,8/23/2001,ECON,asimmonett6w@last.fm,2028,978 281 9064,125 942 2826
627099114,Bendicty,Ciciari,8/11/2001,ECON,bciciari6x@webmd.com,2028,403 109 3797,357 490 7258
9802888052,Alta,Aggs,2/26/2003,ECON,aaggs6y@slate.com,2028,994 687 9916,790 391 6539
1856892808,Hendrick,Geram,9/27/2001,CS,hgeram6z@webmd.com,2028,882 107 1986,313 934 3718
5452681426,Vinnie,Service,8/5/2003,MATH,vservice70@xing.com,2028,986 840 3916,834 889 7517
1288254059,Andreana,Stallibrass,6/7/2001,ECON,astallibrass71@discovery.com,2028,318 909 0767,838 170 5088
7231551831,Vi,Huddart,8/17/2004,ECON,vhuddart72@alexa.com,2028,997 874 1471,139 702 7136
2722908727,Renaud,Bristowe,6/16/2004,MATH,rbristowe73@posterous.com,2028,759 773 3997,469 337 7180
2213924368,Raeann,Rearden,8/25/2001,ECON,rrearden74@quantcast.com,2028,789 855 8832,291 510 1098
5431964275,Andy,Espino,9/7/2003,MATH,aespino75@mail.ru,2028,516 956 3256,389 763 0404
2599895073,Quintilla,Struis,5/19/2002,MATH,qstruis76@slashdot.org,2028,861 504 8264,577 409 2528
7483199784,Kirby,Bollins,7/1/2001,CS,kbollins77@4shared.com,2028,387 611 9772,234 408 8182
656039035,Kori,Sailor,2/28/2001,ECON,ksailor78@domainmarket.com,2028,480 190 9238,654 366 5436
6846700102,Westbrook,Couronne,8/10/2004,MATH,wcouronne79@businessinsider.com,2028,101 883 2886,915 187 8303
257465685,Gwenny,Probbings,4/14/2004,ECON,gprobbings7a@dedecms.com,2028,330 505 3152,618 241 6120
8111628269,Joaquin,Osbaldstone,11/26/2002,ECON,josbaldstone7b@constantcontact.com,2028,617 977 5257,889 355 6779
1316767396,Zaria,Ravillas,3/11/2001,ECON,zravillas7c@eepurl.com,2028,361 458 3471,721 110 0341
4214438140,Kaylee,Greensted,12/20/2002,ECON,kgreensted7d@indiatimes.com,2028,569 317 3828,213 405 7174
9746268473,Jenine,Glandon,6/23/2002,ECON,jglandon7e@ebay.co.uk,2028,130 170 3950,775 173 9300
2140554590,Hillery,De La Coste,7/5/2003,MATH,hdelacoste7f@mapquest.com,2028,938 754 2164,369 116 9282
4617675124,Phil,Tolmie,2/10/2004,MATH,ptolmie7g@timesonline.co.uk,2028,464 943 0693,407 448 3456
609938789,Gawain,Effemy,6/28/2003,MATH,geffemy7h@hibu.com,2028,498 519 7484,247 407 4599
5520641064,Carlynn,Tommasuzzi,3/24/2004,ECON,ctommasuzzi7i@tumblr.com,2028,436 262 7801,814 475 4735
1780382685,Livvie,Reynoldson,11/13/2002,CS,lreynoldson7j@over-blog.com,2028,104 446 3299,251 212 0467
8466039589,Barnabe,Kinnock,1/10/2002,CS,bkinnock7k@nba.com,2028,159 698 8119,632 403 8249
4165668532,Cristy,McGlade,1/22/2003,ECON,cmcglade7l@state.tx.us,2028,279 252 0989,170 588 8520
3455952615,Berenice,Lamzed,3/18/2002,ECON,blamzed7m@networksolutions.com,2028,267 612 4621,383 443 0719
4672089444,Rodney,Hundell,4/7/2002,CS,rhundell7n@vinaora.com,2028,996 107 5999,325 376 7789
1724755315,Oralle,Syseland,7/20/2002,ECON,osyseland7o@soup.io,2028,537 880 9600,259 671 2245
7428429633,Gwenore,Sales,5/16/2003,ECON,gsales7p@so-net.ne.jp,2028,619 782 0967,277 372 6467
3631235445,Dena,Mossbee,2/23/2003,CS,dmossbee7q@topsy.com,2028,621 635 7298,781 281 2556
8297918920,Sybila,Braithwait,8/8/2003,MATH,sbraithwait7r@hc360.com,2028,647 628 0005,636 991 9342
640752136,Nike,Forsey,3/24/2004,ECON,nforsey7s@mail.ru,2028,226 908 8016,242 507 0892
6028210315,Augustin,Hacquel,4/27/2002,ECON,ahacquel7t@rediff.com,2028,465 764 9478,139 726 6623
5461532071,Lilian,Mays,12/24/2000,ECON,lmays7u@sakura.ne.jp,2028,991 720 9409,668 644 1242
301889716,Ruthanne,Kemble,1/4/2002,MATH,rkemble7v@jimdo.com,2028,574 312 0935,271 233 9971
5419635909,Adel,Heino,3/2/2003,CS,aheino7w@sina.com.cn,2028,584 414 8765,574 387 2544
3201340154,Mauricio,Doutch,4/25/2001,MATH,mdoutch7x@sina.com.cn,2028,132 233 8109,716 564 6653
9467697491,Analiese,Marking,2/1/2001,ECON,amarking7y@addtoany.com,2028,589 761 0960,361 310 9242
2067204890,Marchall,McPhaden,6/7/2003,CS,mmcphaden7z@guardian.co.uk,2028,519 838 3991,564 683 0221
4393494466,Chet,Merill,2/18/2003,MATH,cmerill80@oracle.com,2028,878 931 8522,207 973 8965
6116914330,Matthew,Kaming,5/23/2003,ECON,mkaming81@ft.com,2028,404 867 5971,827 877 4778
9020580949,Alair,Pomfrett,3/29/2004,ECON,apomfrett82@time.com,2028,369 176 5622,444 206 7671
296698555,Malia,Rawle,6/19/2003,ECON,mrawle83@dmoz.org,2028,372 110 3859,601 583 5250
2857495668,Carlie,Nazareth,10/29/2003,CS,cnazareth84@addtoany.com,2028,224 910 3857,568 643 2035
8997699547,Allyson,Darrigone,5/14/2003,ECON,adarrigone85@sina.com.cn,2028,339 466 8769,953 361 5451
4409617672,Olin,Eiler,12/6/2004,ECON,oeiler86@hugedomains.com,2028,649 636 4086,544 200 6954
7546294568,Dael,Meynell,8/31/2003,MATH,dmeynell87@upenn.edu,2028,952 121 3162,750 940 0516
417994893,Pepita,Avraham,7/6/2002,ECON,pavraham88@nps.gov,2028,816 582 5758,165 107 6691
61980935,Bamby,Spofford,1/29/2001,CS,bspofford89@wordpress.org,2028,796 548 7347,718 120 9981
2347547704,Adora,Sawnwy,2/10/2003,CS,asawnwy8a@state.gov,2028,985 189 6293,205 240 8412
5626524002,Bea,Hatherell,4/29/2004,ECON,bhatherell8b@comsenz.com,2028,922 929 0457,149 579 8820
9994764217,Agnes,Jandera,2/25/2002,MATH,ajandera8c@w3.org,2029,546 264 0170,636 885 6459
8411539083,Bobbie,Derbyshire,3/14/2004,ECON,bderbyshire8d@virginia.edu,2029,574 299 3207,287 631 8790
8417799583,Patrice,Magne,1/4/2001,MATH,pmagne8e@rediff.com,2029,302 886 3176,350 273 2612
2910373053,Gavin,Filan,1/6/2001,MATH,gfilan8f@ucsd.edu,2029,667 256 4642,271 116 9713
8386269995,Lyndell,Dorracott,10/18/2003,ECON,ldorracott8g@angelfire.com,2029,758 879 0321,500 969 5410
8565769097,Malachi,Morit,4/17/2004,CS,mmorit8h@chron.com,2029,541 767 4310,316 205 0351
8339030167,Bebe,McKeaveney,1/9/2003,CS,bmckeaveney8i@businessweek.com,2029,878 179 8258,829 810 6812
7416794188,Deny,Priddey,4/13/2001,CS,dpriddey8j@delicious.com,2029,989 213 9833,987 270 2815
606451102,Fidel,Stapylton,4/12/2004,ECON,fstapylton8k@goo.ne.jp,2029,806 783 6179,289 360 2173
1578225019,Viviyan,Blount,9/15/2002,MATH,vblount8l@cargocollective.com,2029,718 201 8737,733 804 3970
8497587146,Jazmin,MacAndreis,5/2/2004,MATH,jmacandreis8m@sbwire.com,2029,561 894 4525,443 341 5035
9217845019,Angelico,Dungay,7/29/2004,MATH,adungay8n@time.com,2029,259 168 1380,551 256 5655
4405031789,Terza,Jephcote,7/25/2004,MATH,tjephcote8o@huffingtonpost.com,2029,551 762 4403,428 336 8290
9537410587,Emilee,O'Leary,10/11/2001,ECON,eoleary8p@zdnet.com,2029,953 747 1792,937 674 2910
1737522071,Paulita,Counter,5/16/2002,ECON,pcounter8q@ycombinator.com,2029,168 897 5941,812 202 8011
36035521,Myrtice,Blakesley,4/30/2004,MATH,mblakesley8r@t.co,2029,289 261 4989,428 830 6593
6193000844,Shannen,Dalgleish,7/24/2004,CS,sdalgleish8s@kickstarter.com,2029,768 504 8190,714 492 1080
1567937160,Ives,Goring,11/26/2001,MATH,igoring8t@aboutads.info,2029,191 439 3959,690 233 3345
2321180439,Shawnee,Colcutt,1/5/2004,ECON,scolcutt8u@flavors.me,2029,650 906 8923,594 895 9489
7425632705,Garrett,Endicott,6/9/2002,ECON,gendicott8v@freewebs.com,2029,267 248 8855,260 800 1777
1340325055,Chloe,Thieme,11/7/2001,ECON,cthieme8w@constantcontact.com,2029,663 101 2641,226 300 9488
9773823628,Alfons,Tremethack,10/20/2004,CS,atremethack8x@upenn.edu,2029,392 269 4321,136 191 8674
7040379473,Maressa,Wiltshaw,10/15/2002,MATH,mwiltshaw8y@usda.gov,2029,540 283 6640,250 638 0873
4682945068,Torie,Barneville,10/6/2004,MATH,tbarneville8z@icio.us,2029,497 484 9108,609 604 9862
6869652813,Floria,Cabrara,1/27/2004,ECON,fcabrara90@ted.com,2029,108 125 7281,715 123 7976
4310154034,Ike,Leaton,10/22/2001,ECON,ileaton91@mail.ru,2029,971 455 6293,966 312 2919
1673716628,Rosmunda,Cullip,3/26/2001,ECON,rcullip92@bbb.org,2029,810 869 6103,114 250 2051
6406634225,Arly,Northen,12/27/2002,MATH,anorthen93@hostgator.com,2029,913 926 0044,870 916 0896
7886022890,Clemente,Hosby,9/2/2002,ECON,chosby94@4shared.com,2029,302 129 1676,898 184 6421
7223356308,Lauri,Bofield,11/28/2004,MATH,lbofield95@skyrock.com,2029,295 181 8173,541 507 7285
5969889210,Roley,Whapham,11/19/2002,ECON,rwhapham96@npr.org,2029,189 651 3744,406 818 5701
4022247207,Bea,Loukes,8/8/2001,ECON,bloukes97@arizona.edu,2029,880 117 6576,620 171 2165
2075156328,Ysabel,Murney,1/23/2001,MATH,ymurney98@gizmodo.com,2029,541 276 2957,347 339 1771
5798842207,Maximilien,Eilhermann,3/22/2004,ECON,meilhermann99@statcounter.com,2029,646 727 2129,215 170 8041
7477777127,Ester,Teare,1/8/2002,MATH,eteare9a@photobucket.com,2029,713 102 6157,924 885 4044
465113567,Jeremiah,Coulthart,1/5/2004,MATH,jcoulthart9b@github.io,2029,994 559 0180,510 130 9083
8304415623,Hyman,Clardge,5/6/2004,ECON,hclardge9c@whitehouse.gov,2029,309 316 2744,371 377 9827
8756700318,Sidney,Ffoulkes,3/28/2002,MATH,sffoulkes9d@yahoo.com,2029,477 166 5897,215 322 5770
3490813243,Idell,Doran,4/5/2001,MATH,idoran9e@omniture.com,2029,429 631 7715,400 891 5403
9816642611,Odille,Chillistone,4/23/2001,CS,ochillistone9f@bloglines.com,2029,692 661 6476,893 369 7556
4508326390,Willa,Ravenscroftt,4/4/2002,MATH,wravenscroftt9g@vinaora.com,2029,408 342 6150,838 498 0140
1283333511,Martie,Iacomettii,12/20/2002,CS,miacomettii9h@shareasale.com,2029,898 775 2913,681 203 1110
4112713983,Chilton,Fasler,7/28/2001,CS,cfasler9i@constantcontact.com,2029,875 191 0089,718 370 5409
1450220304,Cordi,Gilfillan,2/22/2004,ECON,cgilfillan9j@pen.io,2029,526 383 1449,622 761 6680
8281941561,Othella,TRUE,5/28/2001,CS,otrue9k@wikispaces.com,2029,633 426 0026,114 274 6561
9626424265,Arly,Vasyanin,2/4/2003,CS,avasyanin9l@instagram.com,2029,991 995 5703,288 607 0855
3343795526,Barb,Haimes,5/8/2004,MATH,bhaimes9m@1und1.de,2029,706 948 5300,814 125 4924
609464302,Ivy,Thumim,3/28/2001,CS,ithumim9n@istockphoto.com,2029,866 348 9795,587 555 4197
6146448931,Nata,Barke,12/3/2003,MATH,nbarke9o@facebook.com,2029,376 539 4606,710 137 1216
1027010350,Portie,Sinderson,4/12/2003,ECON,psinderson9p@indiatimes.com,2029,242 607 4244,772 794 0966
3327571244,Eleanore,Pero,10/6/2001,MATH,epero9q@dailymotion.com,2029,114 342 6499,913 735 0460
457454105,Selma,Stoppard,9/21/2001,ECON,sstoppard9r@histats.com,2029,445 648 3590,590 840 6914
9113827766,Kristal,Durdy,6/22/2003,ECON,kdurdy9s@simplemachines.org,2029,346 465 9464,936 682 8326
3389526447,Joaquin,Fitter,4/17/2002,CS,jfitter9t@zimbio.com,2029,919 828 0423,419 207 8313
263801187,Rani,McNab,10/12/2004,MATH,rmcnab9u@ed.gov,2029,957 887 7325,361 947 8689
6351273560,Chiquia,Djorevic,6/23/2002,ECON,cdjorevic9v@answers.com,2029,965 199 1678,251 260 1597
2840644886,Harwell,Freddi,5/20/2003,MATH,hfreddi9w@noaa.gov,2029,559 129 3308,505 214 4112
861212673,Rivy,Todarini,2/10/2002,CS,rtodarini9x@house.gov,2029,909 390 7000,133 908 5812
85675539,Erika,Dennistoun,4/1/2002,ECON,edennistoun9y@nps.gov,2029,623 166 7878,427 573 8901
8180631362,Aurelie,Pipe,1/24/2001,ECON,apipe9z@forbes.com,2029,370 869 4290,738 855 6556
1108885691,Gay,Sanger,6/11/2001,MATH,gsangera0@nbcnews.com,2029,613 931 2792,119 109 9863
3575155062,Wilfrid,Brideaux,9/28/2002,ECON,wbrideauxa1@who.int,2029,193 850 0504,711 568 5751
2980099430,Dosi,Beauchamp,4/13/2002,MATH,dbeauchampa2@whitehouse.gov,2029,799 380 7598,860 595 5000
4151093397,Helga,Acomb,4/22/2002,ECON,hacomba3@springer.com,2029,689 745 9167,461 721 5702
8694012545,Chadwick,Stiegars,3/27/2001,ECON,cstiegarsa4@deliciousdays.com,2029,397 292 2211,895 504 8077
5516414601,Burch,Wiper,6/1/2002,ECON,bwipera5@sciencedirect.com,2029,331 352 9239,409 991 9892
24193410,Irvin,Levicount,9/3/2003,ECON,ilevicounta6@google.it,2029,866 219 4991,559 732 7757
1872784232,Iona,Dimitriades,12/16/2000,CS,idimitriadesa7@fc2.com,2029,198 173 2681,673 244 1710
5475578877,Armando,Cranshaw,6/10/2001,CS,acranshawa8@reddit.com,2029,624 985 0336,438 168 6969
4741633586,Brewster,Sweett,11/8/2003,ECON,bsweetta9@dyndns.org,2029,827 902 3091,887 751 2935
8178726300,Elset,Rehor,5/15/2001,ECON,erehoraa@infoseek.co.jp,2029,567 615 5708,731 932 1118
9951488382,Layne,McAlroy,12/25/2002,MATH,lmcalroyab@bloomberg.com,2029,862 444 1917,581 629 2212
1731560311,Zea,Igo,2/18/2001,MATH,zigoac@intel.com,2029,240 735 2599,241 841 3900
9356794723,Ives,Cyson,11/16/2002,CS,icysonad@wp.com,2029,545 923 1042,247 638 2498
4301161856,Nathanial,Hallatt,11/25/2001,MATH,nhallattae@parallels.com,2029,926 192 8291,256 347 7247
2543009221,Clarissa,Dietz,7/5/2001,MATH,cdietzaf@ihg.com,2029,156 490 0317,569 837 6343
8926249344,Auria,Posselwhite,4/11/2004,MATH,aposselwhiteag@shutterfly.com,2029,490 354 7549,882 124 3009
4960268239,Albrecht,McFarlane,6/4/2002,CS,amcfarlaneah@ed.gov,2029,891 736 8226,734 681 5473
7292684874,Veronike,Cavill,6/25/2004,ECON,vcavillai@dailymotion.com,2029,535 978 0619,779 294 4324
1522374612,Jandy,Clink,3/31/2002,MATH,jclinkaj@posterous.com,2029,287 686 2533,720 453 3927
6699974378,Irv,Boulding,5/15/2003,MATH,ibouldingak@blogspot.com,2029,346 730 2992,518 540 1045
2683364237,Chaunce,Krugmann,10/10/2003,ECON,ckrugmannal@ucoz.com,2029,192 726 4856,672 554 8125
7142655151,Merrill,Maddrell,2/10/2004,CS,mmaddrellam@theatlantic.com,2029,174 777 7756,866 262 4648
1588762289,Adelaide,Newland,3/28/2003,CS,anewlandan@usnews.com,2029,490 146 5802,928 636 1408
8560795901,Damaris,Dorwood,1/24/2004,MATH,ddorwoodao@angelfire.com,2029,494 675 7080,551 346 9570
2022864689,Leicester,Climance,2/11/2001,ECON,lclimanceap@networkadvertising.org,2029,530 185 5458,148 922 5809
7240960005,Viviyan,Lile,5/25/2001,MATH,vlileaq@storify.com,2029,698 173 5768,472 681 5462
2192520352,Kalil,Dixcee,2/10/2001,ECON,kdixceear@icio.us,2029,783 486 7885,594 186 8625
2334772674,Sheeree,Skells,3/4/2002,ECON,sskellsas@google.de,2029,431 147 7919,218 245 4871
1586531913,Natalina,Hurren,9/11/2004,ECON,nhurrenat@sun.com,2029,744 424 7638,732 532 1927
8880868772,Darb,Minto,12/15/2001,ECON,dmintoau@toplist.cz,2029,356 259 0807,682 245 1030
8054648375,Stacy,Bowdrey,3/27/2002,CS,sbowdreyav@hc360.com,2029,130 826 0306,166 952 3223
5387168359,Teodora,Peaden,5/29/2002,CS,tpeadenaw@fc2.com,2029,697 316 6972,564 322 2474
4951944499,Janie,Amberson,7/7/2004,MATH,jambersonax@freewebs.com,2029,615 341 1484,472 323 0993
8182263778,Hilary,Zoephel,8/9/2002,ECON,hzoephelay@mapy.cz,2029,731 322 6405,164 274 0649
5974170253,Pascale,Toffalo,8/31/2003,MATH,ptoffaloaz@nationalgeographic.com,2029,882 772 9281,886 425 2336
3656166951,Clare,Bunt,1/28/2002,MATH,cbuntb0@angelfire.com,2029,524 764 4972,216 454 9203
4810006581,Lynne,Behling,9/11/2001,CS,lbehlingb1@npr.org,2029,768 327 8767,874 814 5150
9415604778,Jordana,Reye,9/13/2002,CS,jreyeb2@photobucket.com,2029,567 909 8659,491 241 0977
6354392528,Marianna,Rowatt,8/21/2001,MATH,mrowattb3@trellian.com,2029,482 150 9202,551 690 7463
8041701884,Demetrius,Lusted,2/9/2001,CS,dlustedb4@nhs.uk,2030,342 221 3065,469 501 0533
6823838477,Brendin,Oliveira,9/14/2003,CS,boliveirab5@bing.com,2030,124 863 4227,937 467 7222
7577864250,Meghan,Dryburgh,5/18/2004,MATH,mdryburghb6@mozilla.com,2030,761 892 1456,441 340 9060
6809259333,Reena,Akhurst,8/29/2001,ECON,rakhurstb7@moonfruit.com,2030,811 395 5980,868 183 4118
3457529884,Skylar,MacAskie,9/22/2004,CS,smacaskieb8@tamu.edu,2030,936 979 9306,618 878 6688
6421645879,Nowell,Maryott,8/13/2003,CS,nmaryottb9@ezinearticles.com,2030,628 622 8403,867 448 0194
5266267496,Frannie,Gabbitas,8/5/2002,MATH,fgabbitasba@army.mil,2030,428 802 3729,420 869 6740
2666366316,Myrna,Gammidge,3/17/2002,MATH,mgammidgebb@facebook.com,2030,360 245 4216,344 900 2334
4925704796,Geri,Clawe,10/22/2001,MATH,gclawebc@facebook.com,2030,697 530 2980,246 584 1199
715519743,Emmye,Layman,5/22/2003,MATH,elaymanbd@cmu.edu,2030,897 586 7996,764 952 9272
4303561657,Parrnell,Trembey,11/19/2003,ECON,ptrembeybe@pcworld.com,2030,245 979 2131,320 979 5382
2471084923,Barnebas,Morhall,12/18/2003,CS,bmorhallbf@businesswire.com,2030,438 397 6456,967 973 1235
974120065,Addie,Ugolotti,4/8/2001,CS,augolottibg@jugem.jp,2030,291 971 1219,918 453 4091
3712834772,Gerti,Sholl,11/9/2004,CS,gshollbh@stumbleupon.com,2030,224 284 9401,183 199 8179
135676096,Frazer,Duggon,7/24/2001,MATH,fduggonbi@rediff.com,2030,275 539 9901,948 330 6340
4635195775,Nelli,Whitley,9/22/2004,CS,nwhitleybj@berkeley.edu,2030,543 198 6990,552 320 3848
1104138891,Guthrey,Beaconsall,1/8/2004,CS,gbeaconsallbk@zimbio.com,2030,854 526 6023,984 173 6407
7753945467,Temp,Spridgeon,11/8/2003,CS,tspridgeonbl@rambler.ru,2030,873 338 5183,114 349 1790
4252091403,Giralda,Voff,10/1/2002,MATH,gvoffbm@xrea.com,2030,714 279 8015,934 405 1526
2722701243,Cyril,Bickerdyke,11/15/2001,ECON,cbickerdykebn@wsj.com,2030,884 744 9810,229 828 2976
2617627985,Star,Jardein,6/12/2004,CS,sjardeinbo@nih.gov,2030,535 232 0532,167 818 9707
621767158,Aurelia,Esel,4/7/2001,CS,aeselbp@spiegel.de,2030,689 698 0892,316 586 1525
9292640054,Althea,Jerrome,11/18/2002,MATH,ajerromebq@imdb.com,2030,410 638 2601,304 995 8857
338790179,Rutger,Kitchener,6/29/2001,ECON,rkitchenerbr@boston.com,2030,974 420 1397,196 675 0137
3995621252,Thaddeus,Botwright,10/23/2003,CS,tbotwrightbs@newsvine.com,2030,852 485 1779,536 812 5391
9643165159,Alfie,Pennazzi,5/26/2003,ECON,apennazzibt@discuz.net,2030,906 191 7310,480 831 4954
8858965906,Joycelin,Illingworth,8/4/2002,ECON,jillingworthbu@economist.com,2030,233 285 2562,527 801 8828
9323870862,Berty,Tunmore,1/7/2003,MATH,btunmorebv@google.co.uk,2030,194 219 5481,959 538 6519
5357856192,Loralyn,Withey,4/20/2002,ECON,lwitheybw@imageshack.us,2030,539 172 6978,897 230 3859
6055044935,Winni,Olensby,8/14/2003,ECON,wolensbybx@wordpress.org,2030,576 740 6196,342 463 7149
6074925518,Christin,Maseyk,3/15/2001,CS,cmaseykby@ihg.com,2030,329 604 9738,650 693 9583
6695199825,Howie,Hosten,10/4/2004,ECON,hhostenbz@ning.com,2030,768 619 3004,544 417 8626
5332286732,Luise,Brosius,6/12/2003,ECON,lbrosiusc0@youtube.com,2030,427 617 3444,607 467 2962
247438251,Ruttger,Elks,4/20/2003,MATH,relksc1@comcast.net,2030,561 268 3007,840 991 8812
5351229153,Gwyneth,Stefi,3/24/2001,MATH,gstefic2@ehow.com,2030,955 842 9543,334 877 9360
5179432707,Dominica,Oultram,1/11/2004,ECON,doultramc3@yahoo.com,2030,315 919 7382,691 317 0804
5515362217,Greg,Woodrough,12/17/2000,ECON,gwoodroughc4@google.cn,2030,990 315 3945,868 183 2120
3465444345,Vale,Stockin,5/13/2002,ECON,vstockinc5@theguardian.com,2030,167 804 2354,393 876 5578
1862768455,Jakob,Kelson,8/17/2004,ECON,jkelsonc6@reference.com,2030,303 285 3027,195 648 6258
4303401722,Lian,Lowensohn,12/13/2000,CS,llowensohnc7@shinystat.com,2030,526 766 3861,303 863 1445
2164674049,Zora,Ivshin,12/26/2001,MATH,zivshinc8@xing.com,2030,908 853 7814,442 218 2011
3551411794,Roderick,Dwerryhouse,11/22/2001,MATH,rdwerryhousec9@dagondesign.com,2030,320 719 5372,418 613 1284
4137020353,Eleanor,Yaakov,7/23/2003,CS,eyaakovca@mtv.com,2030,206 581 8640,856 647 6700
5374540254,Lelah,Henner,4/7/2001,MATH,lhennercb@mit.edu,2030,956 340 9474,794 736 3637
1501181653,Ninette,Clearie,4/8/2003,ECON,ncleariecc@163.com,2030,677 550 7355,419 101 3126
7510414016,Barbee,Dumingo,11/20/2002,MATH,bdumingocd@intel.com,2030,475 731 8036,492 727 1850
4606125454,Morie,Cornell,3/26/2002,ECON,mcornellce@alibaba.com,2030,779 707 2467,429 957 8073
6519451916,Martainn,Tather,5/10/2001,ECON,mtathercf@oracle.com,2030,435 657 3294,824 411 9833
7474981343,Laurella,Scales,8/7/2003,MATH,lscalescg@geocities.jp,2030,115 244 6219,597 845 8366
9912414802,Quillan,Fellenor,2/10/2003,CS,qfellenorch@pinterest.com,2030,848 549 0798,150 831 1801
1459135989,Cleveland,Bailles,10/18/2002,MATH,cbaillesci@chicagotribune.com,2030,654 453 0959,437 787 6124
7716338633,Juline,Hollingdale,6/17/2004,ECON,jhollingdalecj@qq.com,2030,327 814 8379,169 909 3726
2141961203,Jess,Boles,1/4/2003,ECON,jbolesck@domainmarket.com,2030,885 625 1043,204 864 3927
414682939,Gabey,Stetlye,3/13/2003,MATH,gstetlyecl@scientificamerican.com,2030,954 263 9634,740 196 0379
6331440127,Mikkel,Cohani,2/16/2004,CS,mcohanicm@sun.com,2030,885 685 3679,359 791 8758
1033349496,Timofei,Lisett,10/27/2003,MATH,tlisettcn@over-blog.com,2030,890 251 7086,987 939 3844
3606861753,Reagen,Ghilardi,11/24/2003,ECON,rghilardico@plala.or.jp,2030,890 998 7649,644 917 9887
8118274039,Dyanna,McKeaveney,11/20/2003,ECON,dmckeaveneycp@oaic.gov.au,2030,547 520 2381,495 997 6165
4991509009,Ferguson,Demageard,8/8/2002,CS,fdemageardcq@de.vu,2030,354 385 7591,451 630 7243
9353964148,Dari,Orringe,12/12/2002,MATH,dorringecr@ca.gov,2030,668 920 8533,170 187 7041
6196710591,Teodorico,Ossenna,3/17/2004,ECON,tossennacs@sphinn.com,2030,293 475 7294,331 183 3116
8647748816,Carri,Monk,8/21/2004,ECON,cmonkct@wunderground.com,2030,328 471 7847,192 606 8507
5760084720,Adina,Crocken,9/26/2001,ECON,acrockencu@e-recht24.de,2030,899 180 7351,353 455 2053
8871596463,Menard,Dutch,10/22/2001,MATH,mdutchcv@squidoo.com,2030,568 312 6965,671 747 5532
2238460853,Murdock,Pawsey,5/22/2004,CS,mpawseycw@hao123.com,2030,625 422 0746,473 981 1943
5160311211,Hermann,Wingham,2/28/2001,MATH,hwinghamcx@comcast.net,2030,779 800 6781,163 805 7219
5772533452,Josselyn,Peron,11/20/2004,CS,jperoncy@elegantthemes.com,2030,842 399 5097,409 893 5490
8312448578,Gwendolen,Eltun,12/11/2001,MATH,geltuncz@1und1.de,2030,336 631 0088,904 370 2134
5869970121,Galvan,Diehn,9/11/2003,CS,gdiehnd0@jigsy.com,2030,809 632 6408,607 518 3671
8544705278,Fredek,Lankford,9/3/2002,CS,flankfordd1@bravesites.com,2030,321 919 7330,185 767 0392
874944724,Tabbie,Mucklow,9/19/2001,CS,tmucklowd2@vk.com,2030,702 294 3368,284 272 1233
8351517488,Odetta,Guiver,2/11/2001,CS,oguiverd3@nifty.com,2030,163 418 2655,687 999 5072
483238236,Isiahi,Benne,8/17/2004,MATH,ibenned4@fc2.com,2030,797 832 4958,789 228 0424
4928807537,Loella,Cicculi,3/28/2001,MATH,lcicculid5@gnu.org,2030,403 513 0134,417 750 8634
4235881043,Carolee,Di Baudi,8/27/2003,CS,cdibaudid6@odnoklassniki.ru,2030,345 353 0543,115 801 6981
2927322848,Padraic,Yandle,12/3/2004,ECON,pyandled7@hibu.com,2030,113 977 9221,744 176 6811
4781564437,Ailina,Giacopelo,1/4/2004,MATH,agiacopelod8@nydailynews.com,2030,548 659 5781,678 921 8539
3529137960,Toddie,Board,9/4/2001,ECON,tboardd9@instagram.com,2030,422 584 0024,186 616 6967
2640533053,Iggie,Winchurch,6/2/2001,ECON,iwinchurchda@posterous.com,2030,935 729 3334,269 362 2523
1485755492,Aryn,Mattusevich,11/9/2003,ECON,amattusevichdb@soundcloud.com,2030,766 597 8456,477 125 1928
7732671546,Aviva,Brydson,1/24/2003,ECON,abrydsondc@tamu.edu,2030,736 918 6175,312 796 1550
1330248546,Nikola,Heindl,11/12/2003,MATH,nheindldd@goodreads.com,2030,910 954 8500,911 926 2058
7614985397,Vicky,Aisbett,9/20/2003,MATH,vaisbettde@seattletimes.com,2030,778 405 8113,474 364 7403
5453055383,Lizabeth,Aubry,2/17/2004,CS,laubrydf@gravatar.com,2030,541 919 4742,681 410 1259
433783281,Patsy,Turnell,1/22/2002,CS,pturnelldg@zimbio.com,2030,740 812 1062,958 705 0592
8881052431,Lida,Attrie,4/14/2001,ECON,lattriedh@spiegel.de,2030,709 477 1369,592 701 1326
1852510706,Claiborn,Wadmore,6/23/2004,MATH,cwadmoredi@state.gov,2030,519 405 0166,707 728 8261
6388285783,Cullan,Nobbs,7/19/2003,ECON,cnobbsdj@liveinternet.ru,2030,473 159 3622,913 257 0713
4921884803,Aurelea,Bending,10/19/2003,MATH,abendingdk@dyndns.org,2030,305 645 3098,177 463 5030
2000322913,Harley,Brinicombe,1/30/2002,MATH,hbrinicombedl@ed.gov,2030,815 261 5929,453 934 1489
7345818152,Allis,Hawley,10/18/2004,ECON,ahawleydm@hatena.ne.jp,2030,446 501 6548,684 611 1378
3941436317,Marcela,Sully,1/3/2003,CS,msullydn@cpanel.net,2030,879 629 5276,883 637 7050
1582418101,Jorge,Kraft,9/1/2002,CS,jkraftdo@is.gd,2030,773 253 8175,630 624 2131
6173316498,Aila,Strawbridge,12/17/2003,CS,astrawbridgedp@hubpages.com,2030,695 870 7670,229 108 7045
9198006401,Madalyn,Petzold,2/23/2001,ECON,mpetzolddq@discovery.com,2030,499 553 4569,702 815 1564
7206858996,Cherie,Stanford,4/23/2002,MATH,cstanforddr@blog.com,2030,942 517 7485,526 677 3997
5038133355,Maisie,Spykins,11/3/2002,CS,mspykinsds@so-net.ne.jp,2030,730 971 8434,129 370 8187
8343045629,Lesley,Jankin,5/11/2002,ECON,ljankindt@ucsd.edu,2030,304 801 2211,212 950 3305
797542035,Frankie,Copello,6/2/2001,ECON,fcopellodu@nps.gov,2030,674 203 0320,627 895 0567
5411372860,Andrus,Fogel,12/1/2001,MATH,afogeldv@purevolume.com,2030,707 615 4575,732 781 8097
2104534275,Niven,Steenson,7/9/2002,ECON,nsteensondw@tripadvisor.com,2031,878 310 9891,355 719 0305
7224411833,Johny,Giraudat,5/25/2003,CS,jgiraudatdx@creativecommons.org,2031,550 221 9816,906 966 4704
470804467,Rozele,Oldland,7/2/2001,CS,roldlanddy@house.gov,2031,575 746 9852,416 957 9403
2286369186,Monah,Weston,1/11/2002,MATH,mwestondz@jimdo.com,2031,389 506 8816,932 836 1243
4996694130,Elsa,Rattrie,5/28/2002,ECON,erattriee0@e-recht24.de,2031,276 993 5377,578 870 7745
8520422063,Olwen,Towsie,1/17/2004,ECON,otowsiee1@acquirethisname.com,2031,882 804 6088,591 693 0977
3149989825,Bail,Sammon,8/31/2001,CS,bsammone2@over-blog.com,2031,293 237 8920,480 201 2970
2342631146,Manya,Olrenshaw,2/14/2001,MATH,molrenshawe3@ifeng.com,2031,735 496 6493,685 393 6661
9804691698,Bordie,Furtado,5/22/2004,MATH,bfurtadoe4@wikimedia.org,2031,602 397 8015,317 908 4282
5107801250,Archambault,Borrows,2/19/2001,MATH,aborrowse5@goo.ne.jp,2031,517 593 3457,374 246 9382
5352864588,Marj,Wakeman,9/13/2003,CS,mwakemane6@parallels.com,2031,212 807 3618,147 220 1008
8144102177,Sal,MacFall,11/11/2004,MATH,smacfalle7@webnode.com,2031,163 209 5083,450 397 7293
3148374061,Hillel,Brasher,12/28/2000,MATH,hbrashere8@usgs.gov,2031,668 778 2411,898 936 9904
8643129534,Staffard,McCrackem,10/28/2001,CS,smccrackeme9@wired.com,2031,793 927 5019,615 435 6439
1030133867,Chickie,Langland,6/9/2003,CS,clanglandea@dailymail.co.uk,2031,220 612 6788,786 818 1242
7555449129,Mireielle,McIlhatton,5/21/2001,MATH,mmcilhattoneb@yandex.ru,2031,805 791 2027,274 869 5638
141436484,Artie,McCrostie,5/6/2002,CS,amccrostieec@slate.com,2031,641 489 8708,397 829 4668
4044788901,Esmeralda,Bagnal,5/28/2002,MATH,ebagnaled@adobe.com,2031,283 353 4185,729 375 0005
8160803079,Mohammed,Hubberstey,1/5/2002,MATH,mhubbersteyee@pcworld.com,2031,750 659 5282,196 553 4094
6359779110,Paxton,Amor,10/13/2002,MATH,pamoref@google.ca,2031,649 415 6790,341 266 8673
4114965718,Cecil,Attenbrow,8/18/2001,CS,cattenbroweg@slate.com,2031,655 268 3238,181 592 3702
5918449019,Wyn,Yole,1/3/2004,MATH,wyoleeh@businessweek.com,2031,287 502 5531,279 574 9791
3408419213,Thor,Drayn,1/10/2001,CS,tdraynei@a8.net,2031,801 660 4421,240 418 7401
4624914511,Kaylyn,Oakman,9/27/2001,ECON,koakmanej@desdev.cn,2031,993 346 3307,557 697 8755
6403886479,Giselle,McInerney,1/4/2001,ECON,gmcinerneyek@addtoany.com,2031,103 401 1305,983 413 7749
7587414789,Demetra,Fradgley,7/7/2003,ECON,dfradgleyel@apple.com,2031,409 767 6419,202 100 4857
4082123113,Carmelle,Solloway,7/17/2004,CS,csollowayem@ask.com,2031,884 337 1933,247 493 1114
3776508655,Larisa,Agnew,6/5/2001,MATH,lagnewen@drupal.org,2031,682 396 2311,709 929 6825
6523937429,Jojo,Eyckelbeck,10/17/2004,MATH,jeyckelbeckeo@hibu.com,2031,327 697 8018,169 474 6962
870966286,Darius,Guiraud,5/2/2002,ECON,dguiraudep@cbslocal.com,2031,870 545 1726,883 847 4932
4882266830,Marin,Bockler,11/2/2003,ECON,mbocklereq@sogou.com,2031,936 786 3731,695 459 0358
7575880372,Redford,Eefting,10/12/2004,MATH,reeftinger@furl.net,2031,970 378 4464,640 596 3142
7575106170,Kaiser,Phillpotts,1/27/2003,MATH,kphillpottses@accuweather.com,2031,567 196 0079,478 435 9027
4094143432,Michal,Bonson,7/4/2002,MATH,mbonsonet@time.com,2031,241 571 7140,834 801 0077
5659479448,Ellwood,Rosie,7/14/2002,CS,erosieeu@indiatimes.com,2031,937 665 2876,588 814 7926
7742507749,Magdalene,Chismon,12/11/2003,MATH,mchismonev@dot.gov,2031,844 633 9134,575 558 0311
5985239926,Hestia,Millthorpe,3/30/2001,CS,hmillthorpeew@pagesperso-orange.fr,2031,830 946 5430,691 462 5955
237771438,Bernardine,Worledge,12/10/2003,MATH,bworledgeex@bloomberg.com,2031,527 153 2718,365 944 4804
308577604,Gerardo,McMichan,2/11/2004,ECON,gmcmichaney@mapy.cz,2031,798 901 0786,665 780 7150
1107434742,Glendon,Darter,9/30/2004,ECON,gdarterez@google.cn,2031,361 601 9700,953 473 7029
4905468655,Morgun,Espinas,2/2/2002,MATH,mespinasf0@cnet.com,2031,449 716 7605,131 450 6004
9497558791,Deana,Temperley,3/19/2003,ECON,dtemperleyf1@biglobe.ne.jp,2031,901 943 8388,931 499 1665
577137646,Shelley,Gentery,10/19/2002,ECON,sgenteryf2@nytimes.com,2031,261 325 5706,946 205 6297
924142642,Tore,Libri,2/18/2001,CS,tlibrif3@sina.com.cn,2031,900 235 2144,803 339 1588
6264237337,Esme,Eakens,7/22/2002,ECON,eeakensf4@chicagotribune.com,2031,309 523 6900,422 340 2246
5184439870,Sheffie,Tice,4/25/2002,MATH,sticef5@surveymonkey.com,2031,745 783 9550,533 424 3708
4608737333,Guillema,Coutthart,12/25/2003,MATH,gcoutthartf6@tmall.com,2031,259 812 5860,681 309 0951
1479444707,Westbrooke,Stenton,9/11/2004,CS,wstentonf7@51.la,2031,946 243 0237,209 315 2946
4881116401,Boonie,Bru,12/23/2003,ECON,bbruf8@baidu.com,2031,501 967 1026,497 513 3426
6195542423,Pedro,Ianitti,5/27/2002,ECON,pianittif9@ca.gov,2031,469 335 5795,660 878 9916
3282557868,Melisa,Rue,5/21/2004,ECON,mruefa@discuz.net,2031,372 769 7123,251 399 9731
6401316772,Mireille,Santori,11/4/2002,ECON,msantorifb@unc.edu,2031,223 708 4469,748 957 0914
989085074,Elihu,Dewi,1/15/2003,CS,edewifc@comsenz.com,2031,380 635 1513,877 317 4916
8524064056,Chrystal,Tincknell,12/26/2002,ECON,ctincknellfd@ameblo.jp,2031,559 859 2124,109 316 5464
1872275265,Netty,Haddock,12/24/2002,MATH,nhaddockfe@ning.com,2031,613 926 2992,788 933 1872
3733186508,Latia,Schwartz,5/26/2002,CS,lschwartzff@123-reg.co.uk,2031,367 678 5598,296 685 5696
4215142377,Penrod,Totman,2/29/2004,MATH,ptotmanfg@gmpg.org,2031,717 510 2706,639 660 8792
958142734,Tait,Doag,11/8/2003,ECON,tdoagfh@posterous.com,2031,759 493 1740,283 330 7179
9112280429,Tildi,Gillion,3/23/2004,MATH,tgillionfi@cbsnews.com,2031,896 730 9269,983 651 1240
9343285914,Aldous,Grimmert,6/26/2002,CS,agrimmertfj@quantcast.com,2031,619 650 4836,850 311 7712
2257485165,Maisey,Coton,1/18/2004,MATH,mcotonfk@t.co,2031,843 393 7769,882 799 8810
1116659573,Tamar,Twitchett,5/25/2002,MATH,ttwitchettfl@cargocollective.com,2031,297 144 9189,758 688 3110
1138269158,Eward,Delgadillo,11/17/2004,CS,edelgadillofm@craigslist.org,2031,657 297 7467,181 544 8254
5127989204,Olag,Peyntue,3/15/2003,MATH,opeyntuefn@nationalgeographic.com,2031,229 575 7217,332 583 7306
8064154375,Hobey,Roote,5/21/2003,MATH,hrootefo@webnode.com,2031,454 699 2769,391 654 5632
9038979061,Bartolemo,Roelofsen,6/12/2003,ECON,broelofsenfp@paypal.com,2031,873 545 3364,919 105 8336
364181796,Jeannie,Leidl,10/30/2004,MATH,jleidlfq@apache.org,2031,574 453 4607,325 786 4380
7296364807,Alfred,Ishaki,12/31/2002,CS,aishakifr@yahoo.com,2031,122 191 4164,627 165 2318
779181581,Gaynor,Drewet,9/24/2003,ECON,gdrewetfs@addtoany.com,2031,915 688 9630,867 784 5040
3612330306,Morgun,Eckart,8/4/2003,MATH,meckartft@etsy.com,2031,961 323 3527,974 226 5223
7686237818,Lindy,Bednell,1/4/2002,MATH,lbednellfu@webmd.com,2031,469 387 9801,454 185 5263
1616697385,Lara,Gamble,4/10/2001,CS,lgamblefv@fotki.com,2031,157 669 7608,577 676 6716
3470885788,Tory,Kanzler,8/4/2001,CS,tkanzlerfw@si.edu,2031,946 307 4369,783 806 0977
9680525287,Sybila,Pristnor,2/2/2002,MATH,spristnorfx@hatena.ne.jp,2031,985 862 4505,183 114 3359
5688946644,Emilio,Tucker,1/20/2003,CS,etuckerfy@ezinearticles.com,2031,558 381 0695,331 494 9147
8161321817,Waring,Burgen,4/23/2004,CS,wburgenfz@furl.net,2031,713 639 9735,611 491 1199
2110524839,Urbanus,McArthur,4/23/2003,ECON,umcarthurg0@amazon.de,2031,942 278 7186,734 694 3094
2624490531,Eugine,Freake,5/10/2003,CS,efreakeg1@ocn.ne.jp,2031,694 373 2892,480 100 5819
3284921230,Alexandros,Vardy,10/13/2004,CS,avardyg2@acquirethisname.com,2031,909 685 6604,929 146 8470
2289038555,Kizzie,Poynton,10/4/2001,MATH,kpoyntong3@hp.com,2031,286 224 4038,432 314 4915
401739546,Dorette,Bernaert,4/17/2002,CS,dbernaertg4@accuweather.com,2031,816 648 8574,149 287 7890
6102182170,Stanly,Berth,6/24/2004,MATH,sberthg5@fastcompany.com,2031,956 886 2335,731 466 2458
7437369575,Ramsey,Sondon,4/11/2002,CS,rsondong6@mozilla.org,2031,460 429 2015,790 975 7814
2903019983,Sondra,Roskeilly,6/20/2004,MATH,sroskeillyg7@posterous.com,2031,474 707 3054,702 145 9173
6069998154,Brittany,Baldack,10/19/2002,ECON,bbaldackg8@seesaa.net,2031,938 201 9951,623 111 7110
9643597369,Teirtza,Jewers,1/16/2001,MATH,tjewersg9@epa.gov,2031,649 320 3419,843 345 9094
7542038923,Quintana,Malia,3/9/2004,ECON,qmaliaga@privacy.gov.au,2031,913 899 3932,824 491 4530
9984200841,Yvonne,Tinniswood,4/7/2002,ECON,ytinniswoodgb@reference.com,2031,265 590 8378,178 603 5984
7377833009,Gilbertine,Burnyate,9/1/2001,ECON,gburnyategc@redcross.org,2031,803 720 9374,486 551 0395
2000577121,Dyanne,Lethby,8/31/2002,CS,dlethbygd@imgur.com,2031,936 990 1735,863 547 0254
4034235179,Gus,Barks,2/6/2004,CS,gbarksge@so-net.ne.jp,2031,527 840 3430,854 120 5272
4879909475,Etienne,Fisbey,9/29/2004,CS,efisbeygf@ning.com,2031,744 785 2709,748 886 6585
6320822740,Neile,Lanchberry,1/17/2004,ECON,nlanchberrygg@ow.ly,2031,771 550 9392,354 511 4056
8525573736,Vachel,Sibly,12/7/2002,ECON,vsiblygh@google.it,2031,952 139 2797,302 399 5919
6667029295,Rustin,O'Grogane,10/4/2004,ECON,rogroganegi@miitbeian.gov.cn,2031,845 907 5181,413 645 1219
4556200784,Yankee,Salerg,5/25/2004,MATH,ysalerggj@sbwire.com,2031,814 741 3893,180 173 7602
5483087208,Benjamen,Beedon,6/25/2001,MATH,bbeedongk@elpais.com,2031,360 307 7397,677 520 4885
2757449133,Wanids,Longson,3/30/2002,MATH,wlongsongl@bloomberg.com,2031,983 195 5912,758 472 4069
5354984726,Jarad,Grafton-Herbert,4/19/2001,ECON,jgraftonherbertgm@nsw.gov.au,2031,253 598 4666,264 715 6713
1321082681,Neil,Moen,1/23/2001,ECON,nmoengn@livejournal.com,2031,657 926 9876,886 964 3606
9916052735,Harwilll,Stedmond,2/1/2003,ECON,hstedmondgo@netscape.com,2032,556 672 7111,172 234 3088
866081054,Barnaby,Karp,8/6/2003,CS,bkarpgp@tinyurl.com,2032,258 813 6797,378 705 8017
5723646818,Nefen,Rout,9/3/2003,ECON,nroutgq@naver.com,2032,785 422 4723,440 729 5521
9382388532,Daniele,Castella,12/13/2002,ECON,dcastellagr@github.com,2032,777 773 2236,506 764 4272
3047838860,Scotty,Baudoux,7/25/2003,CS,sbaudouxgs@ca.gov,2032,345 178 4067,258 790 6850
8084019228,Ethe,Pitcock,12/23/2001,MATH,epitcockgt@tripod.com,2032,415 277 8425,136 598 6729
3867896585,Rivi,Christiensen,10/22/2001,MATH,rchristiensengu@hc360.com,2032,846 195 2329,703 731 8001
6422926197,Carissa,Murcutt,1/2/2003,MATH,cmurcuttgv@abc.net.au,2032,199 786 1985,807 843 2811
3128946159,Regine,Tyght,7/6/2004,CS,rtyghtgw@nba.com,2032,187 120 0816,604 410 7412
7130960493,Saleem,Creebo,6/17/2003,CS,screebogx@theguardian.com,2032,885 244 4631,908 772 5491
4141689491,Kirstin,Peyro,4/26/2002,ECON,kpeyrogy@symantec.com,2032,202 290 8069,797 978 3576
5575853977,Jordan,Lippard,5/27/2004,CS,jlippardgz@hatena.ne.jp,2032,654 953 5082,753 319 6924
8154550105,Othelia,Vitet,4/25/2001,ECON,oviteth0@nih.gov,2032,236 841 1066,834 852 4489
7396220629,Jeffrey,Westover,4/1/2003,MATH,jwestoverh1@cdc.gov,2032,725 648 4264,831 672 7727
4127879556,Vonny,Loges,1/28/2001,ECON,vlogesh2@ucla.edu,2032,773 902 2624,446 177 5310
7827359027,Dell,Chippindall,10/28/2001,CS,dchippindallh3@cnn.com,2032,832 587 4256,402 734 1622
8796707119,Dennet,Briance,11/20/2002,MATH,dbrianceh4@wisc.edu,2032,809 153 8357,249 977 1322
1483030792,Tricia,Jamson,10/31/2003,MATH,tjamsonh5@jugem.jp,2032,486 135 7165,313 636 7598
6611371060,Tasia,Scanterbury,5/20/2004,CS,tscanterburyh6@hexun.com,2032,225 917 3087,412 827 2962
9930881352,Talbert,Laviste,8/31/2002,MATH,tlavisteh7@dion.ne.jp,2032,179 980 9831,546 544 8461
3673433849,Jenna,Rainford,10/21/2004,ECON,jrainfordh8@wikia.com,2032,369 200 4235,835 476 5717
7004539857,Chrisse,Hutchence,4/6/2004,CS,chutchenceh9@posterous.com,2032,472 317 1684,865 148 8414
5753268498,Alvina,Beevor,9/22/2004,ECON,abeevorha@blogspot.com,2032,574 891 4573,180 565 5437
4840776016,Murray,Janczak,8/24/2003,CS,mjanczakhb@ft.com,2032,475 728 7960,461 981 3029
8383331592,Olly,Mussolini,1/13/2004,MATH,omussolinihc@cnn.com,2032,730 166 9741,883 773 6894
1289317607,Ilyse,Finn,12/24/2002,CS,ifinnhd@comcast.net,2032,262 567 3533,952 944 4044
2628804530,Herby,Lavallin,7/22/2001,CS,hlavallinhe@microsoft.com,2032,312 149 8246,464 877 2570
9242734950,Vito,Sindall,1/27/2003,CS,vsindallhf@sciencedirect.com,2032,824 620 5435,823 867 4760
7443217676,Brandi,Broomhall,7/7/2002,CS,bbroomhallhg@ibm.com,2032,162 545 5880,543 841 3505
410013439,Cordey,Crosskell,8/16/2001,MATH,ccrosskellhh@twitter.com,2032,408 653 6328,826 505 6553
6542726136,Taddeusz,Dodridge,8/7/2002,ECON,tdodridgehi@ihg.com,2032,279 901 4480,488 616 5972
8528409864,Liana,Brownlow,9/29/2003,ECON,lbrownlowhj@umich.edu,2032,452 853 6370,988 601 3151
1200586190,Megen,Spanswick,11/17/2003,MATH,mspanswickhk@surveymonkey.com,2032,626 340 4366,568 489 8116
5903690998,Merralee,Tottle,2/24/2003,CS,mtottlehl@artisteer.com,2032,210 929 8645,602 347 9335
2336461277,Kristos,Brazil,9/12/2004,MATH,kbrazilhm@unicef.org,2032,876 742 5328,687 680 0519
1610705904,Rochell,Balfre,9/20/2004,CS,rbalfrehn@over-blog.com,2032,974 862 2897,287 416 6463
896061973,Marjory,Pacitti,9/9/2001,MATH,mpacittiho@a8.net,2032,351 266 8536,609 246 8018
7244574509,Bren,Ricketts,7/25/2002,MATH,brickettshp@themeforest.net,2032,891 386 1841,219 606 2975
3344961179,Sergei,Orfeur,4/1/2002,CS,sorfeurhq@photobucket.com,2032,407 647 6293,297 462 9705
1481204599,Annalise,Hembery,6/4/2003,ECON,ahemberyhr@facebook.com,2032,399 814 3639,743 650 8312
4134427533,Alethea,Thoumas,8/22/2001,ECON,athoumashs@japanpost.jp,2032,862 168 2880,105 402 6314
1235512339,Godfrey,Bamling,5/25/2002,CS,gbamlinght@com.com,2032,403 830 8039,448 510 8965
45292825,Xylia,Pimblotte,1/21/2003,ECON,xpimblottehu@pinterest.com,2032,824 315 5728,577 403 6722
4883031470,Tabitha,Oulner,11/30/2002,CS,toulnerhv@tinyurl.com,2032,938 633 2487,696 261 6106
6843239463,Standford,Lebang,2/26/2004,MATH,slebanghw@multiply.com,2032,963 137 4083,970 402 1756
5850836039,Rosemary,Kubacki,3/30/2003,CS,rkubackihx@zimbio.com,2032,871 767 1340,326 325 9857
896449963,Aarika,McLaggan,6/3/2004,MATH,amclagganhy@privacy.gov.au,2032,698 639 3615,602 500 6463
2656858313,Sena,Graysmark,3/27/2001,ECON,sgraysmarkhz@github.io,2032,250 432 6585,530 393 1952
423329731,Blake,Baseke,1/3/2004,CS,bbasekei0@google.com.br,2032,948 644 3955,566 199 5236
3134166674,Atlante,Caseley,3/26/2001,CS,acaseleyi1@noaa.gov,2032,693 353 7982,755 664 1195
8340898035,Bengt,Rainton,12/18/2003,ECON,braintoni2@elegantthemes.com,2032,215 196 5136,443 466 5046
7000807644,Franciskus,Branni,7/21/2003,CS,fbrannii3@networkadvertising.org,2032,903 847 2774,632 592 5751
1750497336,Clerkclaude,Soars,3/3/2004,MATH,csoarsi4@weebly.com,2032,400 473 9260,709 188 6114
5850273670,Rainer,Chappell,9/29/2004,ECON,rchappelli5@ameblo.jp,2032,770 244 2360,239 430 2114
1801023069,Joelly,Feldstein,1/6/2004,MATH,jfeldsteini6@cornell.edu,2032,441 735 3540,520 358 8260
8584520813,Germaine,Seeler,12/17/2003,CS,gseeleri7@infoseek.co.jp,2032,617 254 6672,921 677 0310
7816629338,Hendrik,Gregori,9/3/2001,MATH,hgregorii8@elegantthemes.com,2032,655 354 4000,712 693 0825
2787773095,Nikaniki,Ottewill,11/6/2003,MATH,nottewilli9@gizmodo.com,2032,603 530 7033,686 493 7385
3942167212,Feliks,Mildmott,5/6/2003,MATH,fmildmottia@japanpost.jp,2032,767 377 5673,517 614 5420
2933326167,Axe,Barrable,7/2/2004,MATH,abarrableib@godaddy.com,2032,479 899 5472,680 260 3354
8535980679,Maure,Higgen,1/15/2002,MATH,mhiggenic@dion.ne.jp,2032,566 648 7410,178 591 3243
9577249671,Taffy,Heigho,4/2/2003,CS,theighoid@un.org,2032,921 269 5328,340 110 6100
4620172642,Roman,Portam,9/27/2004,ECON,rportamie@accuweather.com,2032,439 141 0408,485 786 1690
8881155435,Iris,Lloyds,12/20/2000,MATH,illoydsif@discovery.com,2032,956 833 1745,260 688 0672
9205391298,Caryn,Stanbridge,8/14/2003,CS,cstanbridgeig@amazon.de,2032,251 969 6080,565 768 6129
6274824634,Didi,Brokenshaw,6/30/2002,MATH,dbrokenshawih@g.co,2032,800 991 6404,906 902 2710
2487147318,Angele,Jee,12/4/2002,MATH,ajeeii@latimes.com,2032,211 507 8242,541 746 0080
4071364165,Tully,Agus,1/27/2001,ECON,tagusij@163.com,2032,241 276 3295,160 540 5046
9873921141,Risa,Forsdike,3/31/2002,ECON,rforsdikeik@youtube.com,2032,947 956 1831,851 363 8845
9706831363,Rey,Fulton,10/24/2002,ECON,rfultonil@over-blog.com,2032,946 751 3497,745 167 9709
184469171,Arlan,Cadogan,6/10/2001,MATH,acadoganim@istockphoto.com,2032,214 210 4419,485 649 7958
907641695,Cece,Connah,8/21/2002,ECON,cconnahin@360.cn,2032,983 809 2438,832 264 3953
3917869268,Cherye,Slaight,4/10/2001,ECON,cslaightio@ask.com,2032,258 100 8113,436 622 4363
7710288316,Jody,Sevin,9/23/2001,MATH,jsevinip@utexas.edu,2032,827 919 0912,303 970 4915
809918633,Codi,Corthes,3/24/2004,CS,ccorthesiq@cnbc.com,2032,509 892 4498,374 216 3718
3991187698,Suzette,Braizier,10/2/2001,ECON,sbraizierir@ezinearticles.com,2032,844 780 4144,131 966 3981
7685442612,Mateo,Mersh,6/4/2001,MATH,mmershis@vkontakte.ru,2032,186 564 6223,915 805 7494
7609579688,Simeon,Guilder,8/10/2004,MATH,sguilderit@canalblog.com,2032,653 526 1343,744 839 3754
9278483451,Fredi,Danis,10/4/2002,ECON,fdanisiu@fda.gov,2032,406 400 1450,271 739 9527
1189139081,Bobby,McAlinden,5/21/2002,ECON,bmcalindeniv@ovh.net,2032,553 245 4474,104 257 4129
8213968581,Farleigh,Ugoni,1/25/2003,ECON,fugoniiw@wordpress.org,2032,232 214 1281,892 112 9228
2220994023,Alasteir,Chalkly,10/25/2002,ECON,achalklyix@ehow.com,2032,770 630 6879,397 305 3591
6046579139,Clay,Rhucroft,8/20/2002,MATH,crhucroftiy@wikia.com,2032,869 606 9131,767 360 2258
1522167072,Kennie,Derry,10/16/2004,CS,kderryiz@huffingtonpost.com,2032,230 510 8805,508 871 1081
3156660175,Rufe,March,3/13/2004,MATH,rmarchj0@columbia.edu,2032,337 450 9680,580 899 8039
550344845,Norrie,Pehrsson,4/14/2003,ECON,npehrssonj1@creativecommons.org,2032,324 443 1604,937 901 9664
947232931,Laney,Loadwick,11/1/2004,CS,lloadwickj2@berkeley.edu,2032,384 588 8445,860 775 2562
3682856129,Windy,Dalliston,1/28/2002,CS,wdallistonj3@utexas.edu,2032,543 252 7877,921 480 7697
3350758924,Gavra,Alyukin,1/8/2004,ECON,galyukinj4@time.com,2032,867 774 6352,429 878 9376
3938447796,Clareta,Kimmins,10/5/2001,ECON,ckimminsj5@posterous.com,2032,613 878 5527,121 926 6212
9158132678,Anestassia,Braundt,11/26/2003,MATH,abraundtj6@buzzfeed.com,2032,713 525 0946,618 685 4216
3712731272,Roi,Coles,5/13/2001,CS,rcolesj7@blogger.com,2032,424 130 3826,174 881 2629
6947156270,Wally,Chelnam,10/30/2002,MATH,wchelnamj8@archive.org,2032,440 271 2651,271 578 3441
1948982315,Eustacia,Ellwell,1/28/2004,ECON,eellwellj9@smugmug.com,2032,365 657 9764,766 252 6369
5798145557,Velvet,Cristobal,1/12/2004,MATH,vcristobalja@drupal.org,2032,131 120 6168,746 340 1440
8066817193,Keen,Ferry,11/20/2002,MATH,kferryjb@nydailynews.com,2032,450 787 3929,414 212 2178
5251481055,Agneta,Likely,10/7/2001,MATH,alikelyjc@nytimes.com,2032,678 161 1079,585 511 0096
2605857301,Shena,Saph,12/19/2002,CS,ssaphjd@cpanel.net,2032,737 763 9303,654 849 3160
7466511899,Cristiano,Denington,5/9/2003,MATH,cdeningtonje@phpbb.com,2032,186 342 0086,616 508 7907
768103738,Morry,Dauber,7/9/2003,CS,mdauberjf@fastcompany.com,2032,513 832 4144,514 112 3948
884302865,Letizia,Gilluley,2/20/2004,CS,lgilluleyjg@ocn.ne.jp,2033,441 250 6719,414 603 4045
2154902936,Lon,Aseef,8/8/2004,CS,laseefjh@redcross.org,2033,205 115 7942,817 599 1820
3824831376,Cairistiona,Jenteau,5/18/2004,ECON,cjenteauji@altervista.org,2033,244 791 0821,955 413 8710
5253929630,Ally,Denisovo,4/30/2002,CS,adenisovojj@theatlantic.com,2033,165 564 5740,585 537 8421
207891273,Blake,Duthie,8/17/2004,MATH,bduthiejk@hud.gov,2033,608 845 4292,985 121 9024
8751093758,Konstantin,Leishman,4/5/2001,ECON,kleishmanjl@tmall.com,2033,419 762 0901,302 907 2721
9581034706,Elton,Diment,5/20/2002,ECON,edimentjm@constantcontact.com,2033,997 242 6086,552 596 2450
4908064407,Susannah,Cutress,12/21/2002,MATH,scutressjn@mlb.com,2033,516 742 4443,178 690 6381
8751637154,Joleen,Lapish,12/22/2000,ECON,jlapishjo@hibu.com,2033,611 217 5878,794 370 2117
9730893470,Addie,Durbann,2/7/2003,MATH,adurbannjp@nba.com,2033,429 165 2663,941 239 1470
149505248,Fidelity,Ancketill,7/15/2003,MATH,fancketilljq@washington.edu,2033,258 652 6442,794 208 1423
1696420083,Cordy,Izakovitz,10/16/2002,CS,cizakovitzjr@si.edu,2033,120 304 3115,890 233 1029
7521849744,Willa,Hitchens,5/15/2004,MATH,whitchensjs@google.nl,2033,131 487 7820,328 321 1502
5880457680,Peirce,Kelner,2/8/2002,MATH,pkelnerjt@gizmodo.com,2033,945 813 4679,313 769 1974
9206689452,Whitby,Hadeke,7/9/2002,MATH,whadekeju@buzzfeed.com,2033,232 242 0501,772 112 5554
1383791511,Sherri,Bambrough,5/18/2002,ECON,sbambroughjv@deviantart.com,2033,499 549 3267,949 660 3605
7106048453,Aeriell,Harler,6/16/2003,MATH,aharlerjw@ed.gov,2033,577 657 6030,790 858 1900
5952366457,Neron,Bargery,7/10/2003,ECON,nbargeryjx@dailymotion.com,2033,615 353 2884,159 543 3227
7405169805,Jennette,Mannakee,3/26/2004,MATH,jmannakeejy@privacy.gov.au,2033,997 516 4356,693 501 0044
3948384975,Ivette,Marcone,4/16/2001,ECON,imarconejz@pcworld.com,2033,924 116 3359,628 539 5539
4859188462,Randal,Coolican,2/22/2002,MATH,rcoolicank0@cisco.com,2033,509 361 3448,534 524 3321
6471244681,Kellie,Somerton,12/3/2001,CS,ksomertonk1@fc2.com,2033,524 283 1468,102 888 0766
9435439101,Gisela,Smurfit,7/26/2001,ECON,gsmurfitk2@berkeley.edu,2033,342 264 5794,116 103 3791
9945688073,Esther,Brazer,8/1/2002,CS,ebrazerk3@woothemes.com,2033,803 252 9157,979 344 6032
2274006652,Harli,Bourbon,2/6/2002,ECON,hbourbonk4@mit.edu,2033,835 439 6776,207 176 4683
3330503823,Rosalia,Costain,9/19/2002,CS,rcostaink5@vinaora.com,2033,197 981 3641,318 362 9315
2387695224,Maxi,Fullom,11/16/2003,MATH,mfullomk6@go.com,2033,763 541 5371,205 732 7664
6278153467,Hana,Poacher,1/7/2002,CS,hpoacherk7@hhs.gov,2033,201 193 5375,857 345 3490
380407825,Rose,Linscott,4/6/2004,ECON,rlinscottk8@newyorker.com,2033,115 921 1976,757 827 6994
7869917265,Reginald,Paal,6/11/2003,CS,rpaalk9@weebly.com,2033,809 570 6921,621 642 3714
5063541194,Jonas,O'Driscoll,7/15/2003,MATH,jodriscollka@nps.gov,2033,486 240 0758,831 996 4860
5935180073,Bethina,Tailby,12/21/2000,MATH,btailbykb@about.me,2033,157 256 9891,883 341 4185
2440192627,Estelle,Georgins,10/6/2001,MATH,egeorginskc@usnews.com,2033,609 715 1334,294 358 4636
8800010253,Giacopo,Casino,11/20/2003,ECON,gcasinokd@theglobeandmail.com,2033,378 460 5891,359 755 1238
5117344189,Pebrook,Choppen,6/24/2003,MATH,pchoppenke@nbcnews.com,2033,126 100 9346,562 302 6995
5263619219,Ida,Mauchline,12/10/2002,MATH,imauchlinekf@last.fm,2033,401 576 0611,417 976 9294
5716742718,Farrah,Asquez,5/7/2003,ECON,fasquezkg@e-recht24.de,2033,280 381 2122,141 272 2852
6906790021,Kylie,Edleston,11/6/2004,ECON,kedlestonkh@examiner.com,2033,481 324 5828,319 756 9836
1073976084,Analise,Stagg,8/2/2004,CS,astaggki@shinystat.com,2033,979 790 4186,101 251 1202
8690401989,Sigmund,Sitford,11/17/2001,ECON,ssitfordkj@rakuten.co.jp,2033,166 722 8890,798 206 6796
6940998616,Jodi,Jepp,10/27/2001,ECON,jjeppkk@wired.com,2033,799 634 9059,248 460 2514
9373467883,Inge,Bloom,5/26/2003,ECON,ibloomkl@opera.com,2033,136 668 0735,427 865 6661
6292330842,Gasper,Peal,2/4/2002,ECON,gpealkm@nationalgeographic.com,2033,679 242 5190,533 276 6802
4142819399,Frazer,Blazej,10/18/2004,MATH,fblazejkn@youku.com,2033,737 113 4467,819 402 1334
7383471202,Ianthe,Cready,12/18/2001,CS,icreadyko@furl.net,2033,391 240 5635,870 721 0057
3134891840,Brunhilda,Lammert,8/10/2001,MATH,blammertkp@booking.com,2033,722 638 7913,125 522 9893
7696985574,Bellina,Grimshaw,5/27/2004,MATH,bgrimshawkq@addthis.com,2033,855 718 3174,275 609 1275
2813900559,Evvie,Drinkel,2/6/2003,MATH,edrinkelkr@exblog.jp,2033,610 679 2559,374 849 3609
8137915753,Xylina,Whaplington,1/2/2001,CS,xwhaplingtonks@webmd.com,2033,193 271 8562,478 280 9112
2962370942,Boris,Osment,9/28/2003,MATH,bosmentkt@google.com.hk,2033,696 252 4062,994 510 9940
3995271294,Letta,Dooney,9/17/2001,CS,ldooneyku@myspace.com,2033,675 129 5832,359 374 1937
7220116616,Brandie,Heimann,10/19/2003,ECON,bheimannkv@telegraph.co.uk,2033,685 405 2234,724 306 1149
5563028135,Will,Simony,9/30/2001,MATH,wsimonykw@apache.org,2033,527 217 6570,522 245 1528
9759421224,Gavrielle,Vasichev,1/27/2004,CS,gvasichevkx@europa.eu,2033,996 169 6014,188 937 3017
5999479363,Devinne,Reynolds,8/11/2001,ECON,dreynoldsky@issuu.com,2033,883 518 2471,535 651 8865
7697672111,Oran,Castree,9/12/2001,MATH,ocastreekz@usnews.com,2033,160 305 7766,372 516 1115
8631274240,Heddi,McDowall,5/15/2003,MATH,hmcdowalll0@wunderground.com,2033,813 555 8929,410 523 5758
4906310664,Savina,Herley,8/7/2001,ECON,sherleyl1@google.com.hk,2033,246 849 5174,301 903 0157
7172154800,Jaimie,Rhule,7/15/2001,ECON,jrhulel2@aol.com,2033,759 220 8145,892 914 3265
5972782642,Debee,Antalffy,10/6/2002,CS,dantalffyl3@hatena.ne.jp,2033,153 210 5891,678 130 6827
3242902610,Eduardo,Rizziello,10/28/2003,ECON,erizziellol4@ow.ly,2033,206 961 2636,461 997 3962
858557339,Andriana,Surpliss,7/21/2001,ECON,asurplissl5@ucla.edu,2033,745 837 0530,638 416 9351
5551414124,Brose,Scandroot,7/20/2002,CS,bscandrootl6@weebly.com,2033,394 802 9950,763 942 1210
3811631381,Jared,Coy,2/10/2004,ECON,jcoyl7@wordpress.com,2033,869 117 7575,539 466 6345
4568622387,Maren,Shevlane,8/24/2001,ECON,mshevlanel8@dot.gov,2033,889 717 2014,681 559 0454
6193048081,Jarred,Jiricka,3/16/2004,ECON,jjirickal9@digg.com,2033,874 246 1619,502 935 5127
5567806647,Sena,Diloway,12/24/2001,MATH,sdilowayla@walmart.com,2033,820 712 9170,883 150 9315
1753457793,Chantal,Matousek,4/25/2004,ECON,cmatouseklb@qq.com,2033,593 502 3119,590 448 5678
185482449,Donnell,Musico,5/17/2003,MATH,dmusicolc@wiley.com,2033,953 977 6430,405 808 6280
7178849800,Christophe,Harrowsmith,3/17/2003,ECON,charrowsmithld@marketwatch.com,2033,511 313 3802,257 843 1973
5936018393,Star,Lanceter,12/8/2001,CS,slanceterle@ca.gov,2033,197 748 9133,977 716 4076
5492385208,Lilian,Pavlovsky,3/15/2002,CS,lpavlovskylf@ocn.ne.jp,2033,831 513 4363,226 366 0089
3871675555,Barnard,Muldownie,11/24/2004,ECON,bmuldownielg@miitbeian.gov.cn,2033,700 965 6348,948 512 3405
1323743502,Roby,Tomaino,4/7/2003,ECON,rtomainolh@abc.net.au,2033,902 998 1829,615 378 5028
9330217087,Rheta,Zanni,12/12/2001,ECON,rzannili@facebook.com,2033,403 200 9540,495 662 0623
8523403574,Xylia,Greenwood,8/13/2002,MATH,xgreenwoodlj@netvibes.com,2033,509 660 6183,234 916 3002
1087035015,Anatol,Forrington,6/11/2001,ECON,aforringtonlk@nymag.com,2033,823 146 8048,760 237 6517
7619716513,Andria,McQuorkell,1/16/2002,MATH,amcquorkellll@unblog.fr,2033,705 514 2555,671 958 9137
9635043759,Katrine,Cregeen,1/4/2001,CS,kcregeenlm@amazon.co.jp,2033,561 352 2157,354 637 3505
5578194389,June,Meiklem,11/23/2001,ECON,jmeiklemln@nifty.com,2033,693 870 0724,789 626 2331
6633358172,Flem,Snedden,12/15/2000,CS,fsneddenlo@mtv.com,2033,400 154 6298,773 790 2101
3002621935,Nessy,Kebell,12/13/2002,ECON,nkebelllp@hud.gov,2033,235 427 1635,755 620 2243
8052404576,Babette,Espinet,1/18/2004,MATH,bespinetlq@foxnews.com,2033,923 218 8652,228 860 1716
5628964255,Cary,Merrison,4/2/2001,ECON,cmerrisonlr@qq.com,2033,878 895 5026,326 658 1495
469674024,Casie,Eastridge,7/29/2004,CS,ceastridgels@discuz.net,2033,362 995 6160,744 657 4397
9171078886,Benji,Acory,11/4/2001,MATH,bacorylt@wikispaces.com,2033,224 412 5890,807 362 7544
5433151921,Mary,Ranald,9/13/2002,CS,mranaldlu@blog.com,2033,530 936 6888,608 193 0692
6412814442,Kettie,Quadri,12/27/2000,CS,kquadrilv@dyndns.org,2033,669 589 5442,589 207 9332
9814489727,Ardisj,Gentry,8/17/2004,MATH,agentrylw@wix.com,2033,419 396 4164,785 429 0925
3260833404,Issie,Robak,6/6/2002,MATH,irobaklx@mlb.com,2033,331 438 3727,253 435 9464
5506825846,Nathanael,Josephson,4/14/2004,MATH,njosephsonly@trellian.com,2033,855 528 1826,965 681 3039
607137142,Alford,Wardall,9/24/2003,MATH,awardalllz@tiny.cc,2033,586 296 1040,572 168 8744
1776054938,Cesaro,Switland,8/9/2001,CS,cswitlandm0@weebly.com,2033,417 232 9709,873 509 3154
7054988604,Dolorita,Keysall,3/4/2001,CS,dkeysallm1@t-online.de,2033,488 953 0662,673 551 5442
2696605637,Park,Boshers,11/18/2002,CS,pboshersm2@weebly.com,2033,500 440 9825,771 627 3758
2171472332,Manya,Mongenot,10/2/2002,MATH,mmongenotm3@vkontakte.ru,2033,237 975 6435,285 425 3040
8695665666,Pauli,Pieterick,11/23/2001,CS,ppieterickm4@answers.com,2033,693 445 7045,393 808 2501
981151191,Benetta,Shapcote,12/11/2003,CS,bshapcotem5@plala.or.jp,2033,946 776 5989,734 233 2969
371495830,Ivy,Everex,9/11/2001,MATH,ieverexm6@arstechnica.com,2033,303 398 3041,371 578 5196
4360527322,Allyce,Pietruszka,10/14/2002,CS,apietruszkam7@homestead.com,2033,856 752 8434,921 936 8980
5994438049,Cacilia,Rowlin,12/29/2001,CS,crowlinm8@home.pl,2034,374 690 2979,434 979 2254
7491804802,Jonie,Comiam,2/19/2001,CS,jcomiamm9@wikia.com,2034,773 165 1011,512 335 3273
5469354946,Lydia,Saladin,5/30/2002,ECON,lsaladinma@squarespace.com,2034,994 659 6846,840 744 6724
226700631,Chantalle,Pieroni,4/12/2002,ECON,cpieronimb@canalblog.com,2034,976 215 4433,176 163 2877
6731689874,Dietrich,Van der Hoeven,11/2/2004,MATH,dvanderhoevenmc@opera.com,2034,842 277 8557,963 199 2107
6392846042,Stepha,Hudleston,4/25/2002,MATH,shudlestonmd@yahoo.com,2034,648 191 2899,587 882 4499
2078846961,Kev,Handes,4/3/2003,CS,khandesme@discuz.net,2034,754 321 9174,961 392 9204
3018962664,Mal,Clutram,1/21/2001,MATH,mclutrammf@linkedin.com,2034,412 337 7000,394 710 2039
7683002992,Larissa,Lonsbrough,5/9/2001,ECON,llonsbroughmg@paypal.com,2034,732 291 5900,234 790 5829
1414018843,Ardra,Lush,9/2/2004,CS,alushmh@cargocollective.com,2034,407 328 8546,261 802 9837
3728991325,Lorilyn,Culcheth,10/30/2003,CS,lculchethmi@amazon.co.uk,2034,443 232 7251,511 760 4618
9220910233,Pamelina,Sherington,5/23/2002,CS,psheringtonmj@hibu.com,2034,436 567 7477,739 177 9943
6230183420,Kameko,Getsham,7/19/2003,CS,kgetshammk@sourceforge.net,2034,907 641 6168,541 362 5495
908051727,Sandro,Kem,6/7/2004,ECON,skemml@nationalgeographic.com,2034,857 740 7421,553 404 4450
9312231839,Glenden,Heasley,11/16/2002,ECON,gheasleymm@qq.com,2034,118 192 6198,946 241 2769
385152140,Saba,Egdal,5/8/2001,CS,segdalmn@redcross.org,2034,214 295 4793,550 284 1282
8443228695,Cris,Golt,11/5/2004,ECON,cgoltmo@wired.com,2034,951 213 1941,478 498 8291
8412099540,Dugald,Hattiff,4/10/2002,CS,dhattiffmp@free.fr,2034,405 309 9142,245 880 1642
9150368788,Kyle,Goldine,12/19/2001,ECON,kgoldinemq@usnews.com,2034,514 888 1484,322 777 1820
2718421525,Mikey,Impey,7/16/2002,ECON,mimpeymr@cpanel.net,2034,313 968 4951,515 195 7301
9703576257,Giorgia,Bunclark,5/27/2001,MATH,gbunclarkms@narod.ru,2034,754 302 9679,197 970 9436
1929474954,Ailbert,Goodsall,2/16/2004,CS,agoodsallmt@freewebs.com,2034,152 818 4180,176 734 8013
6230321319,Elga,Ashford,6/27/2002,CS,eashfordmu@apple.com,2034,841 709 1363,105 349 3876
6829182522,Harlan,Buyers,11/11/2003,MATH,hbuyersmv@purevolume.com,2034,907 832 7108,290 869 9342
9157816964,Blanche,Bacchus,5/19/2004,MATH,bbacchusmw@hao123.com,2034,935 631 9692,114 946 5409
4578765202,Shelby,Flanne,9/22/2004,CS,sflannemx@loc.gov,2034,104 230 4847,870 443 0631
5621565061,Fayth,Ridde,7/16/2002,MATH,friddemy@biblegateway.com,2034,399 915 9310,683 703 3134
8166403366,Lidia,Plume,2/21/2003,CS,lplumemz@flavors.me,2034,561 200 7494,539 266 6684
6097031130,Deva,Iacobo,8/3/2003,ECON,diacobon0@bloglines.com,2034,411 101 8537,229 376 3682
4874820506,Flem,Clarabut,10/19/2002,CS,fclarabutn1@marketwatch.com,2034,395 663 1150,278 934 9849
5757607955,Kara-lynn,O'Carrol,7/4/2003,CS,kocarroln2@trellian.com,2034,904 337 2662,156 244 6514
1422027392,Fanya,Craighead,12/5/2003,CS,fcraigheadn3@slate.com,2034,314 152 0685,894 369 5931
8235391635,Sula,Witherow,7/13/2003,CS,switherown4@w3.org,2034,660 885 3087,644 270 2192
4191852019,Georgena,Antalffy,9/8/2001,ECON,gantalffyn5@tripadvisor.com,2034,841 860 4906,810 992 6385
8231410066,Lexie,Chamberlain,5/1/2002,ECON,lchamberlainn6@bbc.co.uk,2034,791 721 6186,224 701 0374
9782332127,Osbert,Beaze,6/13/2002,ECON,obeazen7@blogger.com,2034,391 776 3282,567 434 0019
9426116982,Carolyn,Danaher,1/13/2002,MATH,cdanahern8@unc.edu,2034,771 851 9020,565 294 7658
5817858207,Brennen,Colvill,4/28/2002,MATH,bcolvilln9@netscape.com,2034,947 706 8223,889 166 8601
8826063141,Orson,Bellwood,7/18/2001,ECON,obellwoodna@utexas.edu,2034,982 829 1332,288 582 4216
9775608139,Kathryn,Humbles,2/16/2003,CS,khumblesnb@acquirethisname.com,2034,932 715 6301,157 707 9244
8231950826,Analise,Cadell,8/15/2001,MATH,acadellnc@google.com.au,2034,766 612 0960,102 269 2673
3169109189,Shay,Voysey,1/24/2002,CS,svoyseynd@etsy.com,2034,176 779 8704,628 369 6491
1957173130,Adan,Newcome,12/23/2001,CS,anewcomene@economist.com,2034,134 313 7036,922 154 6487
2943913561,Aluin,Kinson,5/20/2004,CS,akinsonnf@weibo.com,2034,169 117 0791,985 699 3317
2323811983,Barbee,Gladhill,9/20/2001,CS,bgladhillng@seesaa.net,2034,943 769 9463,580 755 9054
1402363281,Mahalia,Englishby,9/12/2004,ECON,menglishbynh@desdev.cn,2034,550 589 4807,749 319 0529
5880341860,Aubrey,Marjanski,5/20/2002,MATH,amarjanskini@sohu.com,2034,257 602 9982,402 878 2399
1072064383,Angelo,Hattrick,4/19/2004,CS,ahattricknj@symantec.com,2034,253 113 3169,651 745 5974
1629854115,Lorne,Pregal,1/14/2003,ECON,lpregalnk@so-net.ne.jp,2034,769 131 3991,619 162 4630
9957710427,Danya,Tschirasche,1/19/2002,ECON,dtschiraschenl@marriott.com,2034,557 160 1539,234 947 1122
1097924130,Morrie,Issard,7/21/2002,MATH,missardnm@oakley.com,2034,948 480 3034,750 515 1516
5063302262,Ericha,Kincaid,8/23/2002,MATH,ekincaidnn@businesswire.com,2034,249 467 2233,708 754 8122
9956135402,Amberly,Craister,3/26/2001,CS,acraisterno@irs.gov,2034,611 889 1882,854 434 4952
4738312871,Benn,Satchel,7/2/2002,ECON,bsatchelnp@diigo.com,2034,399 424 0631,808 312 3951
8883166337,Matthus,Finby,1/11/2002,CS,mfinbynq@hubpages.com,2034,975 833 8657,502 307 5131
2874593214,Willyt,Laurisch,11/15/2001,MATH,wlaurischnr@a8.net,2034,273 375 8412,211 210 1513
3142183701,Junette,Nelm,3/22/2003,MATH,jnelmns@cmu.edu,2034,336 686 9715,450 729 7381
110408918,Casey,Svanetti,1/22/2002,MATH,csvanettint@narod.ru,2034,855 943 7130,439 642 1912
9203001816,Marillin,Hartshorn,8/22/2002,CS,mhartshornnu@opera.com,2034,484 620 9244,542 588 1978
9025005977,Linn,Mullany,10/5/2001,ECON,lmullanynv@angelfire.com,2034,664 547 0273,390 879 2242
3233862156,Carolus,Sultana,9/17/2002,ECON,csultananw@icio.us,2034,751 103 2721,809 323 6961
9619777638,Evelina,McClymont,3/25/2001,ECON,emcclymontnx@amazon.com,2034,853 516 5377,742 942 0120
5205632364,Ivonne,Paull,1/9/2003,MATH,ipaullny@mysql.com,2034,795 765 7676,120 885 6077
3610249218,Pren,Broadnicke,3/1/2004,ECON,pbroadnickenz@prweb.com,2034,925 953 2115,967 317 7193
594606705,Ray,Joynes,5/1/2003,ECON,rjoyneso0@google.ca,2034,784 508 8999,106 679 8680
9120947259,Lemuel,Masham,5/18/2003,ECON,lmashamo1@ezinearticles.com,2034,800 352 9261,442 632 3521
5486021844,Lavina,Crumpton,1/21/2004,CS,lcrumptono2@noaa.gov,2034,515 553 1163,331 790 5435
9531661014,Laure,Morratt,11/12/2004,MATH,lmorratto3@weebly.com,2034,360 567 2633,518 737 7312
3932711467,Elna,Avrasin,10/1/2004,CS,eavrasino4@mapquest.com,2034,593 381 3880,371 759 3917
9257510859,Willard,Sandercock,7/18/2004,ECON,wsandercocko5@icq.com,2034,837 698 2293,109 917 9767
7747563507,Cleveland,Monahan,12/22/2001,CS,cmonahano6@miitbeian.gov.cn,2034,614 246 0419,672 747 1376
6949558171,Wren,Etherton,2/23/2004,ECON,wethertono7@parallels.com,2034,818 652 6171,760 802 9967
6878960525,Olly,Fairpool,5/11/2001,CS,ofairpoolo8@java.com,2034,452 828 0189,131 231 6993
7548276427,Anthiathia,Bissex,6/19/2003,CS,abissexo9@about.com,2034,426 247 5305,769 320 9048
5362202685,Ernest,Lister,11/28/2001,CS,elisteroa@bing.com,2034,949 610 9693,386 141 3077
2417288346,Jaquenette,Licari,6/12/2004,CS,jlicariob@simplemachines.org,2034,468 650 2744,778 115 3051
1764738160,Teirtza,Mulder,8/18/2004,MATH,tmulderoc@si.edu,2034,356 144 0597,225 150 2672
3300706025,Whitby,Cater,12/22/2003,ECON,wcaterod@google.de,2034,399 373 5966,605 328 6302
6166931417,Rosene,MacKee,1/14/2001,CS,rmackeeoe@trellian.com,2034,518 357 2312,471 997 4931
4630587330,Chrystel,Silverton,11/24/2003,MATH,csilvertonof@sun.com,2034,614 495 2437,704 421 2056
2491881233,Marilyn,Pettigree,5/31/2002,MATH,mpettigreeog@yellowpages.com,2034,157 285 1123,342 542 1629
7510503825,Risa,Duell,9/25/2002,MATH,rduelloh@nature.com,2034,313 935 9733,660 815 3664
9052845220,Jody,Greensides,11/12/2003,CS,jgreensidesoi@artisteer.com,2034,422 123 1016,474 132 9565
4401651308,Kylen,Bentley,11/15/2002,ECON,kbentleyoj@hugedomains.com,2034,335 653 6447,747 796 3636
6934467531,Jocelyne,Dallicoat,3/24/2004,ECON,jdallicoatok@google.pl,2034,350 508 3127,173 933 2680
5453743743,Lazaro,Schultes,12/1/2001,CS,lschultesol@netvibes.com,2034,111 114 3380,608 703 2904
5921231479,Jaclyn,Sacase,4/8/2003,MATH,jsacaseom@fema.gov,2034,590 663 5995,678 570 7968
9825837047,Gerhard,Fardo,5/22/2002,MATH,gfardoon@1und1.de,2034,245 678 1829,318 952 6054
5358754083,Elsa,Bumpus,11/9/2003,ECON,ebumpusoo@51.la,2034,689 911 2549,403 361 1006
5616216976,Base,Dumberell,7/8/2001,MATH,bdumberellop@cornell.edu,2034,917 350 1487,467 890 7367
2051619069,Myrilla,Essel,4/11/2001,CS,messeloq@example.com,2034,354 315 0949,408 559 6843
5784003593,Adler,Morch,12/10/2004,CS,amorchor@soundcloud.com,2034,394 363 6277,848 905 3962
2708088092,Anselm,Wellbelove,11/14/2004,CS,awellbeloveos@slashdot.org,2034,380 853 1419,885 530 0234
9251505012,Stanly,Furzey,7/1/2004,ECON,sfurzeyot@over-blog.com,2034,482 187 9846,448 664 9798
1929276516,Henrieta,Aris,10/13/2001,ECON,harisou@de.vu,2034,598 454 5197,475 100 8534
7492169140,Dannie,Ouslem,8/25/2003,ECON,douslemov@smugmug.com,2034,424 161 1834,110 958 6335
7640266386,Cristin,Kinglesyd,5/28/2003,CS,ckinglesydow@rambler.ru,2034,993 404 5876,716 222 3063
8589583236,Sissie,Hechlin,12/9/2001,CS,shechlinox@sciencedirect.com,2034,412 109 4374,360 696 6151
1861944144,Chick,Gymblett,2/3/2001,MATH,cgymblettoy@webeden.co.uk,2034,385 994 2578,176 374 9989
4500372571,Adele,Leek,8/18/2002,CS,aleekoz@umich.edu,2034,357 881 9107,277 738 2630
323737218,Rita,Cicerone,2/23/2001,ECON,rciceronep0@photobucket.com,2035,751 173 0942,310 294 2041
5937818466,Tamar,Eadmeades,7/17/2004,ECON,teadmeadesp1@fotki.com,2035,578 936 1679,207 982 0506
927476428,Stavro,Janowski,2/11/2001,ECON,sjanowskip2@usnews.com,2035,767 613 1008,385 967 8774
2361377977,Bev,Phelips,10/8/2001,MATH,bphelipsp3@mapquest.com,2035,808 820 8908,301 868 3498
7356023202,Vern,Petherick,9/4/2001,MATH,vpetherickp4@google.it,2035,245 199 2099,277 851 5825
6407432081,Gayle,Carswell,9/19/2001,CS,gcarswellp5@globo.com,2035,910 232 4574,490 701 1909
7680964084,Costa,Whittles,9/2/2004,ECON,cwhittlesp6@nhs.uk,2035,787 155 2345,963 462 6636
1202661777,Buddy,Maffey,1/10/2001,ECON,bmaffeyp7@webmd.com,2035,953 637 4198,471 373 5390
6058223792,Salome,Rowswell,12/17/2000,MATH,srowswellp8@bbb.org,2035,123 434 2338,434 309 0573
4085370987,Gustie,Longmuir,2/1/2003,CS,glongmuirp9@bbb.org,2035,696 636 4616,850 362 6529
9534119342,Farica,Ollett,1/19/2002,MATH,follettpa@home.pl,2035,104 200 1937,388 755 1653
237790866,Marni,Garric,8/18/2004,CS,mgarricpb@desdev.cn,2035,453 972 8463,289 452 2347
5921953016,Blaire,Bourges,3/26/2001,CS,bbourgespc@wired.com,2035,215 430 2043,242 438 6911
7943024591,Zondra,Beasant,5/31/2002,MATH,zbeasantpd@youku.com,2035,718 514 9811,479 330 4012
9172651180,Karlyn,Huckle,7/4/2004,CS,khucklepe@usatoday.com,2035,485 170 4090,191 595 9596
917524667,Vickie,Agron,11/5/2001,CS,vagronpf@slashdot.org,2035,220 269 5349,248 920 2915
7794187451,Cynde,Braithwait,4/2/2003,MATH,cbraithwaitpg@cmu.edu,2035,689 557 7210,604 355 7647
2324580896,Graehme,Scala,12/6/2001,MATH,gscalaph@slashdot.org,2035,363 198 4088,858 762 9682
5348273368,Jakie,Concklin,9/21/2003,ECON,jconcklinpi@columbia.edu,2035,770 752 1397,177 388 1219
6995357205,Oriana,Liell,10/27/2004,ECON,oliellpj@trellian.com,2035,406 760 6609,942 494 7691
7317786942,Cindy,Rubee,8/24/2003,CS,crubeepk@google.co.jp,2035,345 263 8387,736 631 8053
3590777583,Olin,Cayser,6/20/2002,MATH,ocayserpl@sphinn.com,2035,968 354 8865,159 912 7022
9533781963,Kenneth,Jewes,2/13/2002,ECON,kjewespm@jugem.jp,2035,907 108 7050,296 733 6106
5491860336,Sylvan,Felderer,2/12/2003,ECON,sfeldererpn@theatlantic.com,2035,146 357 3747,417 791 7991
6453500159,Teddie,Summerscales,5/21/2001,ECON,tsummerscalespo@nba.com,2035,862 999 7090,264 669 9795
8992588011,Sigismundo,Taye,9/30/2003,ECON,stayepp@gizmodo.com,2035,618 526 4661,264 191 1189
362116660,Rina,Carruthers,8/13/2003,MATH,rcarrutherspq@purevolume.com,2035,656 788 4242,528 702 7065
9906504080,Tallia,McMickan,11/17/2004,CS,tmcmickanpr@creativecommons.org,2035,892 321 5214,833 960 5044
8418593091,Dannie,Pelchat,3/27/2001,ECON,dpelchatps@rediff.com,2035,463 509 0219,337 647 6870
5242029099,Kamilah,Glitherow,10/2/2002,ECON,kglitherowpt@google.com,2035,525 124 6323,960 113 1661
3107801801,Spence,Elstob,3/11/2002,MATH,selstobpu@spotify.com,2035,144 562 5077,311 798 0798
3132534439,Ron,Beddis,8/4/2002,ECON,rbeddispv@mapy.cz,2035,306 315 7303,738 343 2181
811021270,Darbee,Heckner,6/19/2002,ECON,dhecknerpw@foxnews.com,2035,800 807 9400,960 555 5589
550070346,Jacquenetta,Caulier,11/18/2001,CS,jcaulierpx@state.gov,2035,622 299 5532,229 367 9407
3862342360,Willi,Clowney,6/2/2004,MATH,wclowneypy@wired.com,2035,409 497 7156,284 418 5545
5965874855,Debbie,Heyworth,3/14/2004,MATH,dheyworthpz@xing.com,2035,581 711 7460,909 571 2997
7923075514,Chrysler,Kensall,3/20/2002,MATH,ckensallq0@discovery.com,2035,649 339 0788,473 496 4447
7961122583,Dre,Marrow,2/14/2003,MATH,dmarrowq1@dmoz.org,2035,275 751 8503,315 144 7087
1501681346,Deane,Sandhill,6/4/2001,MATH,dsandhillq2@springer.com,2035,672 851 7559,933 571 7622
7611272888,Damon,Winfrey,8/27/2004,ECON,dwinfreyq3@apache.org,2035,219 802 9372,730 908 9394
9963543081,Amata,Quibell,9/5/2003,CS,aquibellq4@soundcloud.com,2035,212 996 5203,393 411 3124
1333159846,Philippine,Honatsch,5/9/2003,CS,phonatschq5@netscape.com,2035,277 191 3754,884 859 7393
8182158265,Gabriel,Jowling,10/21/2001,CS,gjowlingq6@wired.com,2035,289 878 3971,735 508 0356
1554921368,Marysa,Aizlewood,5/17/2004,MATH,maizlewoodq7@state.gov,2035,647 860 0276,702 824 2695
7596967191,Odele,Grioli,4/10/2002,MATH,ogrioliq8@ebay.co.uk,2035,571 883 7961,843 871 7067
4630896023,Brand,Peyton,8/7/2004,CS,bpeytonq9@naver.com,2035,799 362 1143,769 282 6955
4225970124,Dana,Lawland,4/24/2002,MATH,dlawlandqa@washingtonpost.com,2035,518 764 3708,916 368 0273
7409546115,Sergio,Jouandet,8/8/2002,ECON,sjouandetqb@devhub.com,2035,378 814 4953,391 630 0691
6817089077,Fey,Sayward,9/5/2001,ECON,fsaywardqc@sourceforge.net,2035,587 234 3802,708 371 2291
418569258,Marybelle,Stother,7/29/2004,ECON,mstotherqd@weebly.com,2035,322 358 0818,358 991 1746
352143266,Hazlett,Donovan,6/18/2002,ECON,hdonovanqe@parallels.com,2035,808 702 8146,840 505 5073
3679353782,Jessie,Borzone,3/28/2001,ECON,jborzoneqf@icio.us,2035,283 327 9378,907 989 1506
4256321217,Coriss,Langhor,7/25/2001,MATH,clanghorqg@e-recht24.de,2035,205 741 3126,562 969 6571
6828491351,Belinda,Aimeric,12/16/2001,CS,baimericqh@joomla.org,2035,621 570 0219,584 218 7152
7443534914,Rubia,Weiser,6/16/2003,MATH,rweiserqi@kickstarter.com,2035,934 479 7084,612 794 0645
1497338514,Hedy,Jecock,1/18/2001,CS,hjecockqj@51.la,2035,424 347 6311,498 889 1670
419687106,Patience,Cunniff,11/26/2001,CS,pcunniffqk@ning.com,2035,733 416 7666,817 515 7253
530312433,Eudora,Alabaster,3/12/2002,MATH,ealabasterql@issuu.com,2035,811 988 3205,189 211 6056
5748123436,Alena,O'Dunniom,5/31/2003,ECON,aodunniomqm@amazon.co.jp,2035,835 174 5348,638 666 2247
7664081890,Alvie,Collingridge,8/28/2002,ECON,acollingridgeqn@vinaora.com,2035,510 194 6770,211 728 4316
7586076235,Munroe,Dykes,7/20/2003,ECON,mdykesqo@printfriendly.com,2035,671 787 3015,233 173 4095
4844577026,Niccolo,Duckers,7/12/2003,CS,nduckersqp@phpbb.com,2035,147 620 9107,381 197 0399
5857963567,Mohandas,Kristof,10/14/2001,MATH,mkristofqq@gov.uk,2035,305 802 1110,965 759 0008
7078493737,Norby,Edison,12/12/2002,ECON,nedisonqr@statcounter.com,2035,902 448 3120,843 123 4413
7248593176,Roselia,Hazle,10/19/2002,CS,rhazleqs@craigslist.org,2035,786 512 0272,553 624 6833
2871399727,Xymenes,Peplow,5/9/2003,MATH,xpeplowqt@opensource.org,2035,194 810 4730,938 736 2249
3405402085,Shandy,Dorset,1/15/2002,MATH,sdorsetqu@businessinsider.com,2035,411 785 5558,834 519 5631
2284860141,Thorin,Kurth,12/25/2003,MATH,tkurthqv@sbwire.com,2035,976 480 3643,513 585 2830
1386828378,Roman,Whitefoot,6/30/2003,CS,rwhitefootqw@cpanel.net,2035,538 426 4427,129 669 3719
9983450305,Merralee,Mothersole,6/22/2001,ECON,mmothersoleqx@sbwire.com,2035,392 725 0725,873 425 3504
252590791,Winny,Couch,4/29/2004,ECON,wcouchqy@si.edu,2035,901 893 5342,414 499 5234
839252943,Fee,Cashman,2/22/2003,MATH,fcashmanqz@aboutads.info,2035,589 104 8094,933 994 7206
2996757858,Cyril,Chamley,6/26/2002,CS,cchamleyr0@prnewswire.com,2035,178 841 0291,669 999 5954
9458099188,Ulrica,Sexten,10/6/2004,CS,usextenr1@examiner.com,2035,959 240 0905,922 515 8357
4337568018,Kingsley,Swann,11/30/2001,MATH,kswannr2@businessinsider.com,2035,997 201 7188,925 834 1653
9930947833,Elke,Elfleet,1/2/2001,ECON,eelfleetr3@ask.com,2035,385 305 7536,609 174 3026
6378339872,Bren,Dargue,3/16/2003,ECON,bdarguer4@qq.com,2035,472 763 5225,726 906 3359
5354685907,Elmore,Kiendl,7/18/2003,CS,ekiendlr5@github.com,2035,184 376 2117,865 935 7663
177838000,Alisun,Ranald,5/7/2002,MATH,aranaldr6@japanpost.jp,2035,544 466 1050,403 591 5174
8721809526,Candide,Delicate,2/15/2002,CS,cdelicater7@npr.org,2035,313 336 1806,590 948 2868
7628178537,Iolanthe,Beazer,1/31/2002,MATH,ibeazerr8@reference.com,2035,815 257 6356,459 240 0552
4902863812,Audrey,MacVay,8/9/2001,CS,amacvayr9@foxnews.com,2035,796 441 8730,192 527 6241
1083362062,Sloane,Novotne,2/21/2002,ECON,snovotnera@cdc.gov,2035,734 557 3450,680 251 7833
1003799655,Biddie,Petrillo,2/12/2002,CS,bpetrillorb@ibm.com,2035,334 618 3382,994 242 9709
6007197905,Padgett,Eliot,11/10/2002,CS,peliotrc@twitpic.com,2035,407 147 3168,731 914 4179
9810767544,Hallsy,Anselm,1/15/2002,CS,hanselmrd@princeton.edu,2035,855 751 1945,410 176 3473
4002052664,Dominic,Offord,11/23/2004,ECON,doffordre@salon.com,2035,397 696 3591,621 933 4222
3710875021,Grete,Glendinning,10/28/2003,MATH,gglendinningrf@theatlantic.com,2035,652 813 8625,605 927 7425
9742123802,Frazer,Lere,6/24/2002,CS,flererg@pinterest.com,2035,792 652 2748,482 699 0380
9405462806,Izabel,Avieson,11/18/2003,MATH,iaviesonrh@comsenz.com,2035,400 453 2639,460 627 0875
2929623012,Sally,Matthews,6/21/2004,CS,smatthewsri@123-reg.co.uk,2035,230 599 4091,489 786 7710
1824374917,Melanie,Wharf,6/19/2002,ECON,mwharfrj@dmoz.org,2035,968 857 4254,120 421 9220
6554082867,Edwina,Rowbottom,12/9/2001,CS,erowbottomrk@dell.com,2035,360 202 2538,109 300 7740
9135201851,Dodi,Mattinson,7/15/2001,MATH,dmattinsonrl@census.gov,2035,340 330 9262,349 594 6256
9718263624,Patrick,Collen,2/4/2001,CS,pcollenrm@dot.gov,2035,363 118 7872,216 683 4668
1705555101,Matthiew,Wace,8/20/2004,ECON,mwacern@hp.com,2035,837 305 0363,375 752 3781
2485140154,Stefan,Dommett,10/18/2003,CS,sdommettro@xing.com,2035,325 581 8653,327 138 1113
2465825143,Fionna,D'Ambrosi,3/19/2001,CS,fdambrosirp@columbia.edu,2035,454 589 6812,661 930 2420
1526376377,Cecily,Lesser,5/13/2003,MATH,clesserrq@bloomberg.com,2035,735 311 8793,936 324 6158
903205106,Debbie,Trousdale,3/2/2001,CS,dtrousdalerr@cargocollective.com,2035,407 896 5221,883 313 6139
