Lnumber,firstName,lastName,email,DOB,gradYear,phone#,EmergencyPhone#
4854136294,Annaliese,Ingamells,aingamells0@fotki.com,6/15/2002,2026,(795) 4680075,(757) 6652695
4815339732,Jeff,Frankis,jfrankis1@taobao.com,11/20/2002,2024,(133) 6362922,(164) 8176162
8139549924,Ken,Wibrow,kwibrow2@myspace.com,7/16/2004,2024,(782) 7677992,(956) 5451136
8129674084,Glad,Gabotti,ggabotti3@ebay.com,1/11/2004,2025,(740) 3195596,(835) 8165707
7068044816,Shell,Quarterman,squarterman4@hostgator.com,4/4/2004,2024,(769) 7667520,(251) 7697693
7085340169,Gloriane,Agget,gagget5@ucoz.com,12/5/2003,2025,(145) 5000385,(144) 5466742
3113624673,Brendis,Skace,bskace6@cpanel.net,5/27/2002,2023,(891) 9894616,(154) 8181229
161769756,Tallie,Mixter,tmixter7@sciencedaily.com,8/4/2003,2024,(560) 8876148,(955) 1174641
3082390927,Fedora,Madle,fmadle8@cbc.ca,5/5/2001,2023,(170) 1479764,(627) 4430745
9146970851,Adelina,Coatman,acoatman9@uol.com.br,11/18/2005,2023,(926) 3873871,(103) 9181562
5854606496,Trenna,Soppitt,tsoppitta@discuz.net,12/28/2000,2023,(981) 8793561,(812) 3729449
6809741496,Gar,Eginton,gegintonb@netlog.com,12/18/2001,2024,(601) 1016119,(352) 9134329
5680261790,Inger,Farrens,ifarrensc@booking.com,3/7/2004,2025,(818) 5869601,(312) 5513678
2344472444,Roanne,Fleay,rfleayd@php.net,4/28/2004,2025,(516) 1535400,(258) 8941633
8850811446,Norby,Quincee,nquinceee@dyndns.org,5/10/2002,2024,(556) 3418396,(644) 9791642
2148137867,Valentijn,Gantzer,vgantzerf@dedecms.com,1/15/2001,2024,(133) 9153608,(106) 7702405
845075128,Mason,Spurnier,mspurnierg@berkeley.edu,5/14/2005,2025,(425) 2175280,(691) 3375607
5327199878,Leon,Munnery,lmunneryh@posterous.com,2/26/2002,2023,(916) 2996921,(677) 8260652
867783338,Dalt,Rearden,dreardeni@freewebs.com,4/25/2002,2023,(110) 7739648,(133) 5681309
4484340372,Raffaello,Krochmann,rkrochmannj@wordpress.org,5/24/2003,2024,(563) 4550496,(986) 9524783
4591674878,Tova,Tooke,ttookek@theatlantic.com,5/25/2005,2023,(202) 6980911,(856) 3238792
9096204727,Bee,Gresly,bgreslyl@nymag.com,8/30/2002,2025,(708) 2305530,(154) 5653222
2061135005,Arlinda,Lucius,aluciusm@google.com,9/28/2001,2025,(268) 7963650,(657) 8576247
2152700430,Shanon,Drezzer,sdrezzern@weebly.com,3/18/2003,2023,(902) 6651118,(835) 3156162
3496043792,Belita,Bediss,bbedisso@theatlantic.com,3/10/2005,2023,(211) 6351411,(232) 9077349
3711251358,Corabel,Dahill,cdahillp@goodreads.com,12/18/2000,2025,(602) 5395580,(598) 7643137
4587456799,Mikol,Marner,mmarnerq@arstechnica.com,12/9/2004,2024,(660) 3014718,(630) 8129532
1322702675,Che,Whittles,cwhittlesr@cargocollective.com,5/4/2002,2025,(556) 4342564,(302) 1751627
4624748239,Margarethe,Tapenden,mtapendens@epa.gov,8/3/2002,2024,(243) 1276897,(470) 1417722
9143410057,Adrian,Giraldon,agiraldont@hhs.gov,4/9/2001,2023,(734) 7377531,(912) 3864783
2045457087,Terri-jo,Gerardet,tgerardetu@ox.ac.uk,8/16/2002,2026,(202) 6966356,(496) 4870237
3541700173,Tina,Denerley,tdenerleyv@kickstarter.com,1/20/2001,2023,(355) 7286118,(431) 1931541
1597861804,Winonah,Dionsetti,wdionsettiw@examiner.com,3/27/2004,2024,(654) 7641819,(521) 1630676
8959595276,Duffie,Cessford,dcessfordx@mapquest.com,1/1/2005,2024,(186) 3393449,(689) 5995821
9436721854,Dedie,Hardman,dhardmany@paypal.com,12/9/2004,2024,(356) 4117283,(735) 6878576
3599485747,Caz,Oager,coagerz@cam.ac.uk,1/28/2004,2026,(500) 6108387,(354) 7255654
4978281032,Sukey,Wilsher,swilsher10@technorati.com,12/13/2001,2025,(580) 9478191,(712) 6755369
1991975147,Timothy,Jaksic,tjaksic11@army.mil,3/29/2003,2023,(778) 1883083,(706) 6073202
407245898,Tully,Cazalet,tcazalet12@1688.com,2/21/2002,2026,(743) 1095448,(918) 5348927
9464867086,Alissa,Kilmurray,akilmurray13@bigcartel.com,4/27/2001,2023,(822) 3182866,(635) 1337359
6867385915,Andros,Bruntjen,abruntjen14@liveinternet.ru,4/28/2003,2025,(291) 6416597,(474) 3888447
3529827029,Chilton,Sisland,csisland15@infoseek.co.jp,10/14/2002,2026,(180) 2212720,(672) 1521994
9698706224,Isa,Ealden,iealden16@sfgate.com,6/1/2003,2023,(843) 1610369,(511) 4654549
6397018555,Laurice,McKiernan,lmckiernan17@blogger.com,10/3/2001,2025,(830) 9144990,(783) 5454001
9090285466,Brianna,Harrowell,bharrowell18@1und1.de,1/27/2003,2026,(394) 4170197,(309) 6453842
1146797427,Emmye,McDonald,emcdonald19@nature.com,2/10/2004,2026,(148) 4195068,(826) 6250493
1163073881,Brooke,Telezhkin,btelezhkin1a@hc360.com,5/22/2003,2023,(228) 3016407,(437) 5414500
1341367673,Viola,Vasenkov,vvasenkov1b@wikispaces.com,2/25/2002,2026,(427) 9854531,(272) 8822042
5725714160,Deb,Auten,dauten1c@comcast.net,2/16/2003,2026,(802) 4924257,(348) 3075657
5644396193,Melisenda,Phippen,mphippen1d@wiley.com,9/29/2004,2026,(650) 5190094,(919) 4858616
378667343,Johnathon,Feilden,jfeilden1e@symantec.com,8/1/2002,2023,(455) 4953323,(407) 5975272
2323524356,Valene,Lante,vlante1f@macromedia.com,3/28/2004,2026,(798) 1326261,(507) 3757757
2596740931,Decca,Temlett,dtemlett1g@51.la,4/25/2002,2026,(881) 5136293,(295) 9848019
9726282136,Chevalier,Timbridge,ctimbridge1h@fastcompany.com,5/23/2001,2024,(424) 3866404,(760) 3235946
3749803374,Carolin,Troup,ctroup1i@tamu.edu,2/22/2001,2025,(156) 5328870,(202) 2436580
3397612403,Grange,Flageul,gflageul1j@ucla.edu,3/12/2003,2024,(211) 3634319,(329) 5106137
9736808548,Udell,Tapping,utapping1k@seesaa.net,12/19/2001,2026,(885) 8585795,(108) 2246796
7652612837,Mortie,Charlotte,mcharlotte1l@cargocollective.com,9/4/2004,2024,(759) 3359138,(485) 4971920
9248304656,Link,Tytterton,ltytterton1m@zdnet.com,3/12/2002,2025,(132) 3521577,(595) 4862143
8373779167,Devlin,Giraudel,dgiraudel1n@shareasale.com,8/17/2001,2023,(787) 7305659,(320) 3507613
9047547675,Artemus,Mattheus,amattheus1o@devhub.com,10/28/2004,2026,(126) 2201758,(572) 8010470
9519327061,Steve,Sobtka,ssobtka1p@blogspot.com,7/13/2003,2026,(741) 3322558,(118) 5962117
9038333870,Dilan,Remer,dremer1q@wufoo.com,4/9/2002,2024,(141) 1138692,(865) 8569065
5119638473,Loralie,Annetts,lannetts1r@twitpic.com,2/2/2004,2024,(929) 7441484,(460) 5018309
416091008,Agnola,Galsworthy,agalsworthy1s@shareasale.com,12/4/2005,2023,(100) 2599719,(268) 6619153
852086776,Maude,Gullivan,mgullivan1t@w3.org,7/14/2005,2025,(185) 8708300,(176) 5979606
2557587192,Jenine,Theobald,jtheobald1u@goo.gl,7/3/2001,2024,(516) 2840091,(647) 3293079
7131588296,Alard,Humphrey,ahumphrey1v@miibeian.gov.cn,11/26/2003,2024,(283) 5205642,(494) 9290498
4841355677,Moe,Nottram,mnottram1w@irs.gov,10/10/2005,2026,(955) 8524747,(915) 8261416
3929460904,Lonni,Rodwell,lrodwell1x@lycos.com,10/2/2004,2026,(954) 8190527,(325) 7785946
930964160,Ulrika,Nuzzetti,unuzzetti1y@zdnet.com,8/27/2003,2026,(613) 7934047,(919) 6037144
8449854679,Sarge,Camber,scamber1z@blogs.com,8/29/2004,2024,(900) 7919330,(986) 5445637
4873107490,Leyla,Hardwin,lhardwin20@yahoo.com,4/29/2003,2025,(153) 5004744,(812) 3454057
4053295971,Carmella,Copello,ccopello21@yahoo.co.jp,10/2/2005,2026,(856) 4322033,(853) 1112447
5054225609,Clarke,Polglaze,cpolglaze22@wisc.edu,4/18/2001,2023,(909) 6651009,(863) 2453222
1641961775,Thom,Batie,tbatie23@ox.ac.uk,5/29/2001,2023,(952) 3842239,(691) 8296771
8979706065,Janet,Shadfourth,jshadfourth24@blinklist.com,9/19/2005,2026,(955) 6611281,(687) 7105412
6408002218,Shane,Devoy,sdevoy25@hibu.com,10/25/2003,2025,(229) 8707131,(139) 3176604
7455059140,Lanita,Semens,lsemens26@cam.ac.uk,7/26/2002,2026,(206) 4025995,(642) 1094837
2177572185,Pansie,Pauer,ppauer27@fema.gov,6/8/2003,2024,(524) 8093431,(734) 8443413
9674997792,Tally,Goullee,tgoullee28@aboutads.info,5/10/2005,2026,(231) 2873999,(781) 4957081
3284277846,Fredrika,Boxell,fboxell29@so-net.ne.jp,9/12/2003,2026,(138) 1827690,(805) 6245199
4561799230,Isador,Nazer,inazer2a@github.io,6/1/2005,2025,(721) 2512271,(623) 5223653
2566483027,Jayne,Elsmor,jelsmor2b@google.es,12/11/2001,2026,(760) 3791004,(783) 8699014
5185956755,Shara,Lohrensen,slohrensen2c@feedburner.com,12/27/2003,2023,(230) 6526535,(848) 3034834
6009743508,Perla,Kern,pkern2d@lycos.com,6/27/2004,2026,(837) 6122190,(711) 5046635
5297671965,Corrie,McEnteggart,cmcenteggart2e@timesonline.co.uk,3/11/2004,2026,(193) 1598707,(361) 3306115
384940978,Eartha,Dyka,edyka2f@xrea.com,10/23/2004,2026,(312) 4156265,(371) 9930473
3360791738,Alie,Hogben,ahogben2g@bloomberg.com,7/14/2001,2025,(541) 5576753,(976) 6013663
9270146170,Reagan,Dobinson,rdobinson2h@independent.co.uk,4/7/2004,2026,(855) 1867596,(248) 3518017
6518110244,Zarah,Sarjant,zsarjant2i@dailymail.co.uk,1/29/2005,2026,(306) 9717514,(117) 6485459
50591983,Estell,Abelovitz,eabelovitz2j@geocities.jp,6/19/2001,2026,(374) 1283117,(601) 9789665
4573442405,Bjorn,Roget,broget2k@nationalgeographic.com,10/24/2004,2026,(466) 1103468,(445) 5096963
2263556257,Amalia,Meugens,ameugens2l@discovery.com,12/13/2002,2024,(313) 3013198,(462) 4890792
5136666641,Kristofor,Lynch,klynch2m@cbsnews.com,6/16/2002,2025,(425) 8616444,(662) 2952451
6530579257,Bathsheba,Dungate,bdungate2n@utexas.edu,11/17/2001,2026,(820) 6214324,(303) 3862644
1500068829,Valentin,Orfeur,vorfeur2o@goodreads.com,5/24/2004,2025,(546) 5072919,(548) 1970392
1231975997,Dill,Antonoyev,dantonoyev2p@wisc.edu,8/11/2001,2026,(459) 9853359,(482) 1339067
8943328052,Kordula,Cottam,kcottam2q@reverbnation.com,2/16/2005,2026,(221) 1901136,(812) 8016981
4692740922,Karrah,Plaide,kplaide2r@people.com.cn,7/16/2003,2025,(126) 7187861,(832) 7755832